datetime,calories,hour,day,month
2019-11-13 00:00:00,67.8,0,13,11
2019-11-13 01:00:00,67.8,1,13,11
2019-11-13 02:00:00,67.8,2,13,11
2019-11-13 03:00:00,67.8,3,13,11
2019-11-13 04:00:00,67.8,4,13,11
2019-11-13 05:00:00,67.8,5,13,11
2019-11-13 06:00:00,67.8,6,13,11
2019-11-13 07:00:00,67.8,7,13,11
2019-11-13 08:00:00,67.8,8,13,11
2019-11-13 09:00:00,67.8,9,13,11
2019-11-13 10:00:00,67.8,10,13,11
2019-11-13 11:00:00,67.8,11,13,11
2019-11-13 12:00:00,67.8,12,13,11
2019-11-13 13:00:00,67.8,13,13,11
2019-11-13 14:00:00,67.8,14,13,11
2019-11-13 15:00:00,67.8,15,13,11
2019-11-13 16:00:00,67.8,16,13,11
2019-11-13 17:00:00,67.8,17,13,11
2019-11-13 18:00:00,67.8,18,13,11
2019-11-13 19:00:00,67.8,19,13,11
2019-11-13 20:00:00,67.8,20,13,11
2019-11-13 21:00:00,67.8,21,13,11
2019-11-13 22:00:00,67.8,22,13,11
2019-11-13 23:00:00,67.8,23,13,11
2019-11-14 00:00:00,67.8,0,14,11
2019-11-14 01:00:00,67.8,1,14,11
2019-11-14 02:00:00,67.8,2,14,11
2019-11-14 03:00:00,67.8,3,14,11
2019-11-14 04:00:00,67.8,4,14,11
2019-11-14 05:00:00,67.8,5,14,11
2019-11-14 06:00:00,68.61,6,14,11
2019-11-14 07:00:00,73.42999999999999,7,14,11
2019-11-14 08:00:00,100.71,8,14,11
2019-11-14 09:00:00,264.09,9,14,11
2019-11-14 10:00:00,307.84,10,14,11
2019-11-14 11:00:00,124.85,11,14,11
2019-11-14 12:00:00,151.18,12,14,11
2019-11-14 13:00:00,73.32,13,14,11
2019-11-14 14:00:00,83.39,14,14,11
2019-11-14 15:00:00,81.79,15,14,11
2019-11-14 16:00:00,100.69,16,14,11
2019-11-14 17:00:00,72.75,17,14,11
2019-11-14 18:00:00,93.92999999999999,18,14,11
2019-11-14 19:00:00,97.14999999999999,19,14,11
2019-11-14 20:00:00,68.14999999999999,20,14,11
2019-11-14 21:00:00,68.25999999999999,21,14,11
2019-11-14 22:00:00,67.91999999999999,22,14,11
2019-11-14 23:00:00,68.50999999999999,23,14,11
2019-11-15 00:00:00,72.82,0,15,11
2019-11-15 01:00:00,68.72999999999999,1,15,11
2019-11-15 02:00:00,68.50999999999999,2,15,11
2019-11-15 03:00:00,68.39999999999999,3,15,11
2019-11-15 04:00:00,143.94,4,15,11
2019-11-15 05:00:00,433.13,5,15,11
2019-11-15 06:00:00,95.99,6,15,11
2019-11-15 07:00:00,108.59,7,15,11
2019-11-15 08:00:00,192.84,8,15,11
2019-11-15 09:00:00,98.27,9,15,11
2019-11-15 10:00:00,275.62,10,15,11
2019-11-15 11:00:00,163.55,11,15,11
2019-11-15 12:00:00,126.9,12,15,11
2019-11-15 13:00:00,85.07,13,15,11
2019-11-15 14:00:00,118.36,14,15,11
2019-11-15 15:00:00,221.2,15,15,11
2019-11-15 16:00:00,346.45,16,15,11
2019-11-15 17:00:00,87.07,17,15,11
2019-11-15 18:00:00,114.7,18,15,11
2019-11-15 19:00:00,75.46,19,15,11
2019-11-15 20:00:00,68.83999999999999,20,15,11
2019-11-15 21:00:00,68.27,21,15,11
2019-11-15 22:00:00,69.89,22,15,11
2019-11-15 23:00:00,89.25999999999999,23,15,11
2019-11-16 00:00:00,69.74,0,16,11
2019-11-16 01:00:00,69.30999999999999,1,16,11
2019-11-16 02:00:00,68.16,2,16,11
2019-11-16 03:00:00,71.80999999999999,3,16,11
2019-11-16 04:00:00,68.39999999999999,4,16,11
2019-11-16 05:00:00,68.64,5,16,11
2019-11-16 06:00:00,68.28,6,16,11
2019-11-16 07:00:00,92.08,7,16,11
2019-11-16 08:00:00,96.7,8,16,11
2019-11-16 09:00:00,128.05,9,16,11
2019-11-16 10:00:00,229.94,10,16,11
2019-11-16 11:00:00,70.75999999999999,11,16,11
2019-11-16 12:00:00,79.31,12,16,11
2019-11-16 13:00:00,96.71,13,16,11
2019-11-16 14:00:00,79.56,14,16,11
2019-11-16 15:00:00,224.42,15,16,11
2019-11-16 16:00:00,76.02,16,16,11
2019-11-16 17:00:00,70.55999999999999,17,16,11
2019-11-16 18:00:00,85.72,18,16,11
2019-11-16 19:00:00,92.14,19,16,11
2019-11-16 20:00:00,113.13,20,16,11
2019-11-16 21:00:00,72.47,21,16,11
2019-11-16 22:00:00,68.75,22,16,11
2019-11-16 23:00:00,68.75999999999999,23,16,11
2019-11-17 00:00:00,67.91999999999999,0,17,11
2019-11-17 01:00:00,68.03999999999999,1,17,11
2019-11-17 02:00:00,67.91999999999999,2,17,11
2019-11-17 03:00:00,74.75999999999999,3,17,11
2019-11-17 04:00:00,69.53,4,17,11
2019-11-17 05:00:00,77.97,5,17,11
2019-11-17 06:00:00,108.83,6,17,11
2019-11-17 07:00:00,77.86999999999999,7,17,11
2019-11-17 08:00:00,164.38,8,17,11
2019-11-17 09:00:00,88.99,9,17,11
2019-11-17 10:00:00,92.78,10,17,11
2019-11-17 11:00:00,102.52,11,17,11
2019-11-17 12:00:00,81.28999999999999,12,17,11
2019-11-17 13:00:00,216.18,13,17,11
2019-11-17 14:00:00,139.38,14,17,11
2019-11-17 15:00:00,77.72999999999999,15,17,11
2019-11-17 16:00:00,256.27,16,17,11
2019-11-17 17:00:00,84.47999999999999,17,17,11
2019-11-17 18:00:00,81.67,18,17,11
2019-11-17 19:00:00,98.59,19,17,11
2019-11-17 20:00:00,68.39999999999999,20,17,11
2019-11-17 21:00:00,90.13,21,17,11
2019-11-17 22:00:00,67.91999999999999,22,17,11
2019-11-17 23:00:00,68.52,23,17,11
2019-11-18 00:00:00,68.50999999999999,0,18,11
2019-11-18 01:00:00,71.78,1,18,11
2019-11-18 02:00:00,68.75999999999999,2,18,11
2019-11-18 03:00:00,68.03999999999999,3,18,11
2019-11-18 04:00:00,68.28,4,18,11
2019-11-18 05:00:00,70.69,5,18,11
2019-11-18 06:00:00,91.77,6,18,11
2019-11-18 07:00:00,79.88,7,18,11
2019-11-18 08:00:00,78.69,8,18,11
2019-11-18 09:00:00,73.53,9,18,11
2019-11-18 10:00:00,390.14,10,18,11
2019-11-18 11:00:00,125.33,11,18,11
2019-11-18 12:00:00,109.17,12,18,11
2019-11-18 13:00:00,96.08,13,18,11
2019-11-18 14:00:00,146.33,14,18,11
2019-11-18 15:00:00,80.71,15,18,11
2019-11-18 16:00:00,110.32,16,18,11
2019-11-18 17:00:00,91.2,17,18,11
2019-11-18 18:00:00,273.0,18,18,11
2019-11-18 19:00:00,124.13,19,18,11
2019-11-18 20:00:00,79.05,20,18,11
2019-11-18 21:00:00,68.39,21,18,11
2019-11-18 22:00:00,73.28999999999999,22,18,11
2019-11-18 23:00:00,69.11,23,18,11
2019-11-19 00:00:00,68.86,0,19,11
2019-11-19 01:00:00,67.91999999999999,1,19,11
2019-11-19 02:00:00,68.16,2,19,11
2019-11-19 03:00:00,68.39,3,19,11
2019-11-19 04:00:00,87.1,4,19,11
2019-11-19 05:00:00,143.53,5,19,11
2019-11-19 06:00:00,286.27,6,19,11
2019-11-19 07:00:00,134.24,7,19,11
2019-11-19 08:00:00,139.02,8,19,11
2019-11-19 09:00:00,71.86,9,19,11
2019-11-19 10:00:00,103.06,10,19,11
2019-11-19 11:00:00,110.82,11,19,11
2019-11-19 12:00:00,107.38,12,19,11
2019-11-19 13:00:00,95.38,13,19,11
2019-11-19 14:00:00,91.25,14,19,11
2019-11-19 15:00:00,569.67,15,19,11
2019-11-19 16:00:00,445.4,16,19,11
2019-11-19 17:00:00,279.49,17,19,11
2019-11-19 18:00:00,95.36,18,19,11
2019-11-19 19:00:00,68.85,19,19,11
2019-11-19 20:00:00,68.27,20,19,11
2019-11-19 21:00:00,90.71,21,19,11
2019-11-19 22:00:00,68.75,22,19,11
2019-11-19 23:00:00,68.28,23,19,11
2019-11-20 00:00:00,68.16,0,20,11
2019-11-20 01:00:00,68.03999999999999,1,20,11
2019-11-20 02:00:00,68.64,2,20,11
2019-11-20 03:00:00,68.16,3,20,11
2019-11-20 04:00:00,80.81,4,20,11
2019-11-20 05:00:00,163.24,5,20,11
2019-11-20 06:00:00,264.61,6,20,11
2019-11-20 07:00:00,93.89,7,20,11
2019-11-20 08:00:00,126.94,8,20,11
2019-11-20 09:00:00,94.58999999999999,9,20,11
2019-11-20 10:00:00,78.85,10,20,11
2019-11-20 11:00:00,278.06,11,20,11
2019-11-20 12:00:00,115.13,12,20,11
2019-11-20 13:00:00,75.55,13,20,11
2019-11-20 14:00:00,81.83999999999999,14,20,11
2019-11-20 15:00:00,80.95,15,20,11
2019-11-20 16:00:00,94.57,16,20,11
2019-11-20 17:00:00,90.72,17,20,11
2019-11-20 18:00:00,78.44999999999999,18,20,11
2019-11-20 19:00:00,72.71,19,20,11
2019-11-20 20:00:00,67.91999999999999,20,20,11
2019-11-20 21:00:00,81.72999999999999,21,20,11
2019-11-20 22:00:00,73.89,22,20,11
2019-11-20 23:00:00,68.39999999999999,23,20,11
2019-11-21 00:00:00,67.91999999999999,0,21,11
2019-11-21 01:00:00,68.02999999999999,1,21,11
2019-11-21 02:00:00,68.03999999999999,2,21,11
2019-11-21 03:00:00,68.75,3,21,11
2019-11-21 04:00:00,68.64,4,21,11
2019-11-21 05:00:00,68.86,5,21,11
2019-11-21 06:00:00,73.83999999999999,6,21,11
2019-11-21 07:00:00,98.52,7,21,11
2019-11-21 08:00:00,79.08999999999999,8,21,11
2019-11-21 09:00:00,89.55,9,21,11
2019-11-21 10:00:00,67.8,10,21,11
2019-11-21 11:00:00,91.74,11,21,11
2019-11-21 12:00:00,70.03,12,21,11
2019-11-21 13:00:00,89.72,13,21,11
2019-11-21 14:00:00,96.89,14,21,11
2019-11-21 15:00:00,228.66,15,21,11
2019-11-21 16:00:00,84.45,16,21,11
2019-11-21 17:00:00,105.94,17,21,11
2019-11-21 18:00:00,212.44,18,21,11
2019-11-21 19:00:00,111.38,19,21,11
2019-11-21 20:00:00,68.16,20,21,11
2019-11-21 21:00:00,68.85,21,21,11
2019-11-21 22:00:00,68.74,22,21,11
2019-11-21 23:00:00,68.38,23,21,11
2019-11-22 00:00:00,68.97,0,22,11
2019-11-22 01:00:00,70.02,1,22,11
2019-11-22 02:00:00,68.16,2,22,11
2019-11-22 03:00:00,68.27,3,22,11
2019-11-22 04:00:00,72.61,4,22,11
2019-11-22 05:00:00,88.95,5,22,11
2019-11-22 06:00:00,90.09,6,22,11
2019-11-22 07:00:00,81.25,7,22,11
2019-11-22 08:00:00,71.64,8,22,11
2019-11-22 09:00:00,83.8,9,22,11
2019-11-22 10:00:00,78.55,10,22,11
2019-11-22 11:00:00,75.08999999999999,11,22,11
2019-11-22 12:00:00,67.8,12,22,11
2019-11-22 13:00:00,67.8,13,22,11
2019-11-22 14:00:00,67.8,14,22,11
2019-11-22 15:00:00,69.74,15,22,11
2019-11-22 16:00:00,83.67999999999999,16,22,11
2019-11-22 17:00:00,69.72,17,22,11
2019-11-22 18:00:00,86.31,18,22,11
2019-11-22 19:00:00,92.03,19,22,11
2019-11-22 20:00:00,87.28,20,22,11
2019-11-22 21:00:00,68.83999999999999,21,22,11
2019-11-22 22:00:00,68.63,22,22,11
2019-11-22 23:00:00,71.53,23,22,11
2019-11-23 00:00:00,73.56,0,23,11
2019-11-23 01:00:00,68.14999999999999,1,23,11
2019-11-23 02:00:00,67.91999999999999,2,23,11
2019-11-23 03:00:00,68.28,3,23,11
2019-11-23 04:00:00,112.06,4,23,11
2019-11-23 05:00:00,249.56,5,23,11
2019-11-23 06:00:00,175.10999999999999,6,23,11
2019-11-23 07:00:00,87.32,7,23,11
2019-11-23 08:00:00,193.51,8,23,11
2019-11-23 09:00:00,84.43,9,23,11
2019-11-23 10:00:00,131.67000000000002,10,23,11
2019-11-23 11:00:00,185.79,11,23,11
2019-11-23 12:00:00,295.14,12,23,11
2019-11-23 13:00:00,206.54999999999998,13,23,11
2019-11-23 14:00:00,75.67,14,23,11
2019-11-23 15:00:00,164.13,15,23,11
2019-11-23 16:00:00,79.78999999999999,16,23,11
2019-11-23 17:00:00,247.75,17,23,11
2019-11-23 18:00:00,71.49,18,23,11
2019-11-23 19:00:00,68.28,19,23,11
2019-11-23 20:00:00,68.16,20,23,11
2019-11-23 21:00:00,67.8,21,23,11
2019-11-23 22:00:00,67.91999999999999,22,23,11
2019-11-23 23:00:00,79.14999999999999,23,23,11
2019-11-24 00:00:00,70.69999999999999,0,24,11
2019-11-24 01:00:00,67.91999999999999,1,24,11
2019-11-24 02:00:00,68.03999999999999,2,24,11
2019-11-24 03:00:00,69.86,3,24,11
2019-11-24 04:00:00,68.74,4,24,11
2019-11-24 05:00:00,68.63,5,24,11
2019-11-24 06:00:00,86.58,6,24,11
2019-11-24 07:00:00,77.19,7,24,11
2019-11-24 08:00:00,72.81,8,24,11
2019-11-24 09:00:00,142.38,9,24,11
2019-11-24 10:00:00,337.67,10,24,11
2019-11-24 11:00:00,239.94,11,24,11
2019-11-24 12:00:00,412.92,12,24,11
2019-11-24 13:00:00,178.51,13,24,11
2019-11-24 14:00:00,209.26,14,24,11
2019-11-24 15:00:00,370.04,15,24,11
2019-11-24 16:00:00,188.46,16,24,11
2019-11-24 17:00:00,98.8,17,24,11
2019-11-24 18:00:00,97.2,18,24,11
2019-11-24 19:00:00,69.53,19,24,11
2019-11-24 20:00:00,95.91,20,24,11
2019-11-24 21:00:00,79.84,21,24,11
2019-11-24 22:00:00,91.91,22,24,11
2019-11-24 23:00:00,68.27,23,24,11
2019-11-25 00:00:00,185.87,0,25,11
2019-11-25 01:00:00,199.99,1,25,11
2019-11-25 02:00:00,70.97999999999999,2,25,11
2019-11-25 03:00:00,67.91999999999999,3,25,11
2019-11-25 04:00:00,69.75,4,25,11
2019-11-25 05:00:00,68.28,5,25,11
2019-11-25 06:00:00,70.11,6,25,11
2019-11-25 07:00:00,67.8,7,25,11
2019-11-25 08:00:00,75.58999999999999,8,25,11
2019-11-25 09:00:00,90.87,9,25,11
2019-11-25 10:00:00,109.89,10,25,11
2019-11-25 11:00:00,94.97,11,25,11
2019-11-25 12:00:00,332.13,12,25,11
2019-11-25 13:00:00,72.03,13,25,11
2019-11-25 14:00:00,67.8,14,25,11
2019-11-25 15:00:00,78.27,15,25,11
2019-11-25 16:00:00,71.64,16,25,11
2019-11-25 17:00:00,68.02999999999999,17,25,11
2019-11-25 18:00:00,67.8,18,25,11
2019-11-25 19:00:00,72.5,19,25,11
2019-11-25 20:00:00,82.16,20,25,11
2019-11-25 21:00:00,67.91999999999999,21,25,11
2019-11-25 22:00:00,68.61999999999999,22,25,11
2019-11-25 23:00:00,68.03999999999999,23,25,11
2019-11-26 00:00:00,68.27,0,26,11
2019-11-26 01:00:00,68.39,1,26,11
2019-11-26 02:00:00,68.28,2,26,11
2019-11-26 03:00:00,68.03999999999999,3,26,11
2019-11-26 04:00:00,73.66,4,26,11
2019-11-26 05:00:00,68.39,5,26,11
2019-11-26 06:00:00,68.5,6,26,11
2019-11-26 07:00:00,94.74,7,26,11
2019-11-26 08:00:00,76.07,8,26,11
2019-11-26 09:00:00,90.47,9,26,11
2019-11-26 10:00:00,67.8,10,26,11
2019-11-26 11:00:00,67.8,11,26,11
2019-11-26 12:00:00,266.85,12,26,11
2019-11-26 13:00:00,88.23,13,26,11
2019-11-26 14:00:00,111.82000000000001,14,26,11
2019-11-26 15:00:00,105.86,15,26,11
2019-11-26 16:00:00,73.86999999999999,16,26,11
2019-11-26 17:00:00,117.03999999999999,17,26,11
2019-11-26 18:00:00,370.44,18,26,11
2019-11-26 19:00:00,151.1,19,26,11
2019-11-26 20:00:00,196.41,20,26,11
2019-11-26 21:00:00,137.28,21,26,11
2019-11-26 22:00:00,84.32,22,26,11
2019-11-26 23:00:00,69.53,23,26,11
2019-11-27 00:00:00,68.27,0,27,11
2019-11-27 01:00:00,75.80999999999999,1,27,11
2019-11-27 02:00:00,68.16,2,27,11
2019-11-27 03:00:00,68.72999999999999,3,27,11
2019-11-27 04:00:00,68.27,4,27,11
2019-11-27 05:00:00,68.75,5,27,11
2019-11-27 06:00:00,99.63,6,27,11
2019-11-27 07:00:00,118.64999999999999,7,27,11
2019-11-27 08:00:00,272.71,8,27,11
2019-11-27 09:00:00,94.82,9,27,11
2019-11-27 10:00:00,94.46,10,27,11
2019-11-27 11:00:00,296.84,11,27,11
2019-11-27 12:00:00,96.81,12,27,11
2019-11-27 13:00:00,72.89,13,27,11
2019-11-27 14:00:00,290.01,14,27,11
2019-11-27 15:00:00,85.75999999999999,15,27,11
2019-11-27 16:00:00,69.50999999999999,16,27,11
2019-11-27 17:00:00,68.39999999999999,17,27,11
2019-11-27 18:00:00,105.72,18,27,11
2019-11-27 19:00:00,77.61999999999999,19,27,11
2019-11-27 20:00:00,84.19,20,27,11
2019-11-27 21:00:00,70.69,21,27,11
2019-11-27 22:00:00,68.5,22,27,11
2019-11-27 23:00:00,68.02999999999999,23,27,11
2019-11-28 00:00:00,68.16,0,28,11
2019-11-28 01:00:00,68.39,1,28,11
2019-11-28 02:00:00,68.03999999999999,2,28,11
2019-11-28 03:00:00,67.91999999999999,3,28,11
2019-11-28 04:00:00,68.28,4,28,11
2019-11-28 05:00:00,98.06,5,28,11
2019-11-28 06:00:00,145.76999999999998,6,28,11
2019-11-28 07:00:00,223.0,7,28,11
2019-11-28 08:00:00,77.05,8,28,11
2019-11-28 09:00:00,87.42,9,28,11
2019-11-28 10:00:00,112.27,10,28,11
2019-11-28 11:00:00,120.94999999999999,11,28,11
2019-11-28 12:00:00,128.14,12,28,11
2019-11-28 13:00:00,92.34,13,28,11
2019-11-28 14:00:00,82.06,14,28,11
2019-11-28 15:00:00,128.63,15,28,11
2019-11-28 16:00:00,86.22999999999999,16,28,11
2019-11-28 17:00:00,202.7,17,28,11
2019-11-28 18:00:00,309.11,18,28,11
2019-11-28 19:00:00,87.86999999999999,19,28,11
2019-11-28 20:00:00,91.09,20,28,11
2019-11-28 21:00:00,68.03999999999999,21,28,11
2019-11-28 22:00:00,68.02999999999999,22,28,11
2019-11-28 23:00:00,68.16,23,28,11
2019-11-29 00:00:00,72.94,0,29,11
2019-11-29 01:00:00,67.91999999999999,1,29,11
2019-11-29 02:00:00,71.69,2,29,11
2019-11-29 03:00:00,70.35,3,29,11
2019-11-29 04:00:00,67.91999999999999,4,29,11
2019-11-29 05:00:00,68.03999999999999,5,29,11
2019-11-29 06:00:00,96.63,6,29,11
2019-11-29 07:00:00,82.31,7,29,11
2019-11-29 08:00:00,99.2,8,29,11
2019-11-29 09:00:00,67.8,9,29,11
2019-11-29 10:00:00,67.8,10,29,11
2019-11-29 11:00:00,67.8,11,29,11
2019-11-29 12:00:00,67.8,12,29,11
2019-11-29 13:00:00,67.8,13,29,11
2019-11-29 14:00:00,67.8,14,29,11
2019-11-29 15:00:00,67.8,15,29,11
2019-11-29 16:00:00,67.8,16,29,11
2019-11-29 17:00:00,67.8,17,29,11
2019-11-29 18:00:00,67.8,18,29,11
2019-11-29 19:00:00,67.8,19,29,11
2019-11-29 20:00:00,67.8,20,29,11
2019-11-29 21:00:00,67.8,21,29,11
2019-11-29 22:00:00,67.8,22,29,11
2019-11-29 23:00:00,67.8,23,29,11
2019-11-30 00:00:00,67.8,0,30,11
2019-11-30 01:00:00,67.8,1,30,11
2019-11-30 02:00:00,67.8,2,30,11
2019-11-30 03:00:00,67.8,3,30,11
2019-11-30 04:00:00,67.8,4,30,11
2019-11-30 05:00:00,67.8,5,30,11
2019-11-30 06:00:00,67.8,6,30,11
2019-11-30 07:00:00,67.8,7,30,11
2019-11-30 08:00:00,67.8,8,30,11
2019-11-30 09:00:00,67.8,9,30,11
2019-11-30 10:00:00,67.8,10,30,11
2019-11-30 11:00:00,67.8,11,30,11
2019-11-30 12:00:00,67.8,12,30,11
2019-11-30 13:00:00,67.8,13,30,11
2019-11-30 14:00:00,67.8,14,30,11
2019-11-30 15:00:00,67.8,15,30,11
2019-11-30 16:00:00,67.8,16,30,11
2019-11-30 17:00:00,67.8,17,30,11
2019-11-30 18:00:00,67.8,18,30,11
2019-11-30 19:00:00,67.8,19,30,11
2019-11-30 20:00:00,67.8,20,30,11
2019-11-30 21:00:00,67.8,21,30,11
2019-11-30 22:00:00,67.8,22,30,11
2019-11-30 23:00:00,67.8,23,30,11
2019-12-01 00:00:00,67.8,0,1,12
2019-12-01 01:00:00,67.8,1,1,12
2019-12-01 02:00:00,67.8,2,1,12
2019-12-01 03:00:00,67.8,3,1,12
2019-12-01 04:00:00,67.8,4,1,12
2019-12-01 05:00:00,67.8,5,1,12
2019-12-01 06:00:00,67.8,6,1,12
2019-12-01 07:00:00,67.8,7,1,12
2019-12-01 08:00:00,67.8,8,1,12
2019-12-01 09:00:00,67.8,9,1,12
2019-12-01 10:00:00,67.8,10,1,12
2019-12-01 11:00:00,67.8,11,1,12
2019-12-01 12:00:00,67.8,12,1,12
2019-12-01 13:00:00,67.8,13,1,12
2019-12-01 14:00:00,67.8,14,1,12
2019-12-01 15:00:00,67.8,15,1,12
2019-12-01 16:00:00,67.8,16,1,12
2019-12-01 17:00:00,67.8,17,1,12
2019-12-01 18:00:00,67.8,18,1,12
2019-12-01 19:00:00,67.8,19,1,12
2019-12-01 20:00:00,67.8,20,1,12
2019-12-01 21:00:00,67.8,21,1,12
2019-12-01 22:00:00,67.8,22,1,12
2019-12-01 23:00:00,67.8,23,1,12
2019-12-02 00:00:00,67.8,0,2,12
2019-12-02 01:00:00,67.8,1,2,12
2019-12-02 02:00:00,67.8,2,2,12
2019-12-02 03:00:00,67.8,3,2,12
2019-12-02 04:00:00,67.8,4,2,12
2019-12-02 05:00:00,74.49,5,2,12
2019-12-02 06:00:00,152.51,6,2,12
2019-12-02 07:00:00,149.01,7,2,12
2019-12-02 08:00:00,272.1,8,2,12
2019-12-02 09:00:00,131.24,9,2,12
2019-12-02 10:00:00,101.3,10,2,12
2019-12-02 11:00:00,147.09,11,2,12
2019-12-02 12:00:00,102.41,12,2,12
2019-12-02 13:00:00,91.79,13,2,12
2019-12-02 14:00:00,207.48,14,2,12
2019-12-02 15:00:00,180.92,15,2,12
2019-12-02 16:00:00,105.92999999999999,16,2,12
2019-12-02 17:00:00,276.02,17,2,12
2019-12-02 18:00:00,485.38,18,2,12
2019-12-02 19:00:00,285.29,19,2,12
2019-12-02 20:00:00,99.39999999999999,20,2,12
2019-12-02 21:00:00,78.0,21,2,12
2019-12-02 22:00:00,80.13,22,2,12
2019-12-02 23:00:00,69.19999999999999,23,2,12
2019-12-03 00:00:00,67.8,0,3,12
2019-12-03 01:00:00,68.86,1,3,12
2019-12-03 02:00:00,74.61,2,3,12
2019-12-03 03:00:00,74.77,3,3,12
2019-12-03 04:00:00,179.01,4,3,12
2019-12-03 05:00:00,264.6,5,3,12
2019-12-03 06:00:00,115.82000000000001,6,3,12
2019-12-03 07:00:00,114.14,7,3,12
2019-12-03 08:00:00,85.41,8,3,12
2019-12-03 09:00:00,90.07,9,3,12
2019-12-03 10:00:00,93.52,10,3,12
2019-12-03 11:00:00,136.52,11,3,12
2019-12-03 12:00:00,170.98,12,3,12
2019-12-03 13:00:00,101.22,13,3,12
2019-12-03 14:00:00,82.8,14,3,12
2019-12-03 15:00:00,102.08,15,3,12
2019-12-03 16:00:00,90.69,16,3,12
2019-12-03 17:00:00,99.67,17,3,12
2019-12-03 18:00:00,160.86,18,3,12
2019-12-03 19:00:00,211.05,19,3,12
2019-12-03 20:00:00,95.48,20,3,12
2019-12-03 21:00:00,75.88,21,3,12
2019-12-03 22:00:00,71.58999999999999,22,3,12
2019-12-03 23:00:00,75.21,23,3,12
2019-12-04 00:00:00,77.77,0,4,12
2019-12-04 01:00:00,71.50999999999999,1,4,12
2019-12-04 02:00:00,68.16,2,4,12
2019-12-04 03:00:00,68.72999999999999,3,4,12
2019-12-04 04:00:00,67.91999999999999,4,4,12
2019-12-04 05:00:00,68.75,5,4,12
2019-12-04 06:00:00,166.07999999999998,6,4,12
2019-12-04 07:00:00,317.78,7,4,12
2019-12-04 08:00:00,87.62,8,4,12
2019-12-04 09:00:00,132.75,9,4,12
2019-12-04 10:00:00,68.16,10,4,12
2019-12-04 11:00:00,90.05,11,4,12
2019-12-04 12:00:00,100.06,12,4,12
2019-12-04 13:00:00,93.94,13,4,12
2019-12-04 14:00:00,145.47,14,4,12
2019-12-04 15:00:00,227.35999999999999,15,4,12
2019-12-04 16:00:00,94.9,16,4,12
2019-12-04 17:00:00,140.77,17,4,12
2019-12-04 18:00:00,113.91,18,4,12
2019-12-04 19:00:00,82.72999999999999,19,4,12
2019-12-04 20:00:00,103.72,20,4,12
2019-12-04 21:00:00,111.19,21,4,12
2019-12-04 22:00:00,112.84,22,4,12
2019-12-04 23:00:00,68.83999999999999,23,4,12
2019-12-05 00:00:00,68.5,0,5,12
2019-12-05 01:00:00,75.39999999999999,1,5,12
2019-12-05 02:00:00,74.88,2,5,12
2019-12-05 03:00:00,73.03999999999999,3,5,12
2019-12-05 04:00:00,78.82,4,5,12
2019-12-05 05:00:00,76.08999999999999,5,5,12
2019-12-05 06:00:00,68.50999999999999,6,5,12
2019-12-05 07:00:00,78.28999999999999,7,5,12
2019-12-05 08:00:00,198.23,8,5,12
2019-12-05 09:00:00,92.49,9,5,12
2019-12-05 10:00:00,120.04,10,5,12
2019-12-05 11:00:00,126.55,11,5,12
2019-12-05 12:00:00,107.65,12,5,12
2019-12-05 13:00:00,99.29,13,5,12
2019-12-05 14:00:00,118.92,14,5,12
2019-12-05 15:00:00,85.31,15,5,12
2019-12-05 16:00:00,116.03,16,5,12
2019-12-05 17:00:00,136.94,17,5,12
2019-12-05 18:00:00,104.39,18,5,12
2019-12-05 19:00:00,260.79,19,5,12
2019-12-05 20:00:00,106.17,20,5,12
2019-12-05 21:00:00,68.27,21,5,12
2019-12-05 22:00:00,67.8,22,5,12
2019-12-05 23:00:00,68.86999999999999,23,5,12
2019-12-06 00:00:00,71.8,0,6,12
2019-12-06 01:00:00,67.8,1,6,12
2019-12-06 02:00:00,67.8,2,6,12
2019-12-06 03:00:00,68.16,3,6,12
2019-12-06 04:00:00,67.91999999999999,4,6,12
2019-12-06 05:00:00,154.35,5,6,12
2019-12-06 06:00:00,287.85,6,6,12
2019-12-06 07:00:00,104.69,7,6,12
2019-12-06 08:00:00,123.03,8,6,12
2019-12-06 09:00:00,136.64,9,6,12
2019-12-06 10:00:00,93.13,10,6,12
2019-12-06 11:00:00,137.66,11,6,12
2019-12-06 12:00:00,97.41,12,6,12
2019-12-06 13:00:00,112.1,13,6,12
2019-12-06 14:00:00,106.5,14,6,12
2019-12-06 15:00:00,110.69,15,6,12
2019-12-06 16:00:00,159.26,16,6,12
2019-12-06 17:00:00,308.0,17,6,12
2019-12-06 18:00:00,105.58,18,6,12
2019-12-06 19:00:00,99.27,19,6,12
2019-12-06 20:00:00,111.53,20,6,12
2019-12-06 21:00:00,74.78,21,6,12
2019-12-06 22:00:00,67.8,22,6,12
2019-12-06 23:00:00,79.03999999999999,23,6,12
2019-12-07 00:00:00,72.86999999999999,0,7,12
2019-12-07 01:00:00,69.75,1,7,12
2019-12-07 02:00:00,68.02999999999999,2,7,12
2019-12-07 03:00:00,67.91999999999999,3,7,12
2019-12-07 04:00:00,68.03999999999999,4,7,12
2019-12-07 05:00:00,68.39999999999999,5,7,12
2019-12-07 06:00:00,68.63,6,7,12
2019-12-07 07:00:00,67.91999999999999,7,7,12
2019-12-07 08:00:00,77.02999999999999,8,7,12
2019-12-07 09:00:00,122.23,9,7,12
2019-12-07 10:00:00,189.14,10,7,12
2019-12-07 11:00:00,273.28,11,7,12
2019-12-07 12:00:00,98.17999999999999,12,7,12
2019-12-07 13:00:00,99.19,13,7,12
2019-12-07 14:00:00,361.78,14,7,12
2019-12-07 15:00:00,238.13,15,7,12
2019-12-07 16:00:00,97.45,16,7,12
2019-12-07 17:00:00,105.1,17,7,12
2019-12-07 18:00:00,125.52,18,7,12
2019-12-07 19:00:00,99.95,19,7,12
2019-12-07 20:00:00,105.36,20,7,12
2019-12-07 21:00:00,77.14,21,7,12
2019-12-07 22:00:00,74.64999999999999,22,7,12
2019-12-07 23:00:00,93.19999999999999,23,7,12
2019-12-08 00:00:00,69.28999999999999,0,8,12
2019-12-08 01:00:00,68.03999999999999,1,8,12
2019-12-08 02:00:00,68.39999999999999,2,8,12
2019-12-08 03:00:00,68.75999999999999,3,8,12
2019-12-08 04:00:00,68.63,4,8,12
2019-12-08 05:00:00,71.57,5,8,12
2019-12-08 06:00:00,69.1,6,8,12
2019-12-08 07:00:00,81.92999999999999,7,8,12
2019-12-08 08:00:00,79.33999999999999,8,8,12
2019-12-08 09:00:00,104.13,9,8,12
2019-12-08 10:00:00,81.75999999999999,10,8,12
2019-12-08 11:00:00,77.11999999999999,11,8,12
2019-12-08 12:00:00,67.8,12,8,12
2019-12-08 13:00:00,67.8,13,8,12
2019-12-08 14:00:00,67.8,14,8,12
2019-12-08 15:00:00,67.8,15,8,12
2019-12-08 16:00:00,71.36999999999999,16,8,12
2019-12-08 17:00:00,92.46,17,8,12
2019-12-08 18:00:00,74.24,18,8,12
2019-12-08 19:00:00,89.77,19,8,12
2019-12-08 20:00:00,88.8,20,8,12
2019-12-08 21:00:00,103.31,21,8,12
2019-12-08 22:00:00,68.61999999999999,22,8,12
2019-12-08 23:00:00,68.03999999999999,23,8,12
2019-12-09 00:00:00,68.97999999999999,0,9,12
2019-12-09 01:00:00,72.14999999999999,1,9,12
2019-12-09 02:00:00,70.55999999999999,2,9,12
2019-12-09 03:00:00,68.28,3,9,12
2019-12-09 04:00:00,68.5,4,9,12
2019-12-09 05:00:00,67.91999999999999,5,9,12
2019-12-09 06:00:00,68.97999999999999,6,9,12
2019-12-09 07:00:00,92.95,7,9,12
2019-12-09 08:00:00,140.05,8,9,12
2019-12-09 09:00:00,122.13,9,9,12
2019-12-09 10:00:00,109.56,10,9,12
2019-12-09 11:00:00,102.35,11,9,12
2019-12-09 12:00:00,101.98,12,9,12
2019-12-09 13:00:00,79.25,13,9,12
2019-12-09 14:00:00,419.28000000000003,14,9,12
2019-12-09 15:00:00,447.47,15,9,12
2019-12-09 16:00:00,181.67,16,9,12
2019-12-09 17:00:00,110.89,17,9,12
2019-12-09 18:00:00,92.85,18,9,12
2019-12-09 19:00:00,104.11,19,9,12
2019-12-09 20:00:00,86.97,20,9,12
2019-12-09 21:00:00,99.78,21,9,12
2019-12-09 22:00:00,72.03,22,9,12
2019-12-09 23:00:00,68.14999999999999,23,9,12
2019-12-10 00:00:00,69.97999999999999,0,10,12
2019-12-10 01:00:00,68.14999999999999,1,10,12
2019-12-10 02:00:00,68.27,2,10,12
2019-12-10 03:00:00,73.64,3,10,12
2019-12-10 04:00:00,68.97999999999999,4,10,12
2019-12-10 05:00:00,67.91999999999999,5,10,12
2019-12-10 06:00:00,67.8,6,10,12
2019-12-10 07:00:00,67.8,7,10,12
2019-12-10 08:00:00,67.8,8,10,12
2019-12-10 09:00:00,67.8,9,10,12
2019-12-10 10:00:00,67.8,10,10,12
2019-12-10 11:00:00,67.8,11,10,12
2019-12-10 12:00:00,333.95,12,10,12
2019-12-10 13:00:00,121.23,13,10,12
2019-12-10 14:00:00,117.1,14,10,12
2019-12-10 15:00:00,105.39,15,10,12
2019-12-10 16:00:00,398.45,16,10,12
2019-12-10 17:00:00,480.15,17,10,12
2019-12-10 18:00:00,171.16,18,10,12
2019-12-10 19:00:00,324.01,19,10,12
2019-12-10 20:00:00,117.14,20,10,12
2019-12-10 21:00:00,131.88,21,10,12
2019-12-10 22:00:00,94.49,22,10,12
2019-12-10 23:00:00,69.32,23,10,12
2019-12-11 00:00:00,68.16,0,11,12
2019-12-11 01:00:00,77.2,1,11,12
2019-12-11 02:00:00,73.7,2,11,12
2019-12-11 03:00:00,73.08999999999999,3,11,12
2019-12-11 04:00:00,68.28,4,11,12
2019-12-11 05:00:00,68.50999999999999,5,11,12
2019-12-11 06:00:00,68.16,6,11,12
2019-12-11 07:00:00,69.74,7,11,12
2019-12-11 08:00:00,272.01,8,11,12
2019-12-11 09:00:00,100.3,9,11,12
2019-12-11 10:00:00,97.12,10,11,12
2019-12-11 11:00:00,94.99,11,11,12
2019-12-11 12:00:00,107.14,12,11,12
2019-12-11 13:00:00,210.49,13,11,12
2019-12-11 14:00:00,101.15,14,11,12
2019-12-11 15:00:00,108.22,15,11,12
2019-12-11 16:00:00,77.53,16,11,12
2019-12-11 17:00:00,294.24,17,11,12
2019-12-11 18:00:00,103.28,18,11,12
2019-12-11 19:00:00,85.31,19,11,12
2019-12-11 20:00:00,78.28,20,11,12
2019-12-11 21:00:00,88.31,21,11,12
2019-12-11 22:00:00,67.8,22,11,12
2019-12-11 23:00:00,68.50999999999999,23,11,12
2019-12-12 00:00:00,68.16,0,12,12
2019-12-12 01:00:00,69.61999999999999,1,12,12
2019-12-12 02:00:00,71.16,2,12,12
2019-12-12 03:00:00,69.92999999999999,3,12,12
2019-12-12 04:00:00,72.39,4,12,12
2019-12-12 05:00:00,68.03999999999999,5,12,12
2019-12-12 06:00:00,68.16,6,12,12
2019-12-12 07:00:00,68.16,7,12,12
2019-12-12 08:00:00,70.92,8,12,12
2019-12-12 09:00:00,67.8,9,12,12
2019-12-12 10:00:00,67.8,10,12,12
2019-12-12 11:00:00,87.44,11,12,12
2019-12-12 12:00:00,117.34,12,12,12
2019-12-12 13:00:00,302.91,13,12,12
2019-12-12 14:00:00,142.76,14,12,12
2019-12-12 15:00:00,282.86,15,12,12
2019-12-12 16:00:00,77.92999999999999,16,12,12
2019-12-12 17:00:00,81.47,17,12,12
2019-12-12 18:00:00,81.88,18,12,12
2019-12-12 19:00:00,83.38,19,12,12
2019-12-12 20:00:00,104.73,20,12,12
2019-12-12 21:00:00,68.63,21,12,12
2019-12-12 22:00:00,67.8,22,12,12
2019-12-12 23:00:00,71.91,23,12,12
2019-12-13 00:00:00,67.91999999999999,0,13,12
2019-12-13 01:00:00,68.03999999999999,1,13,12
2019-12-13 02:00:00,67.91999999999999,2,13,12
2019-12-13 03:00:00,67.91999999999999,3,13,12
2019-12-13 04:00:00,68.88,4,13,12
2019-12-13 05:00:00,68.64,5,13,12
2019-12-13 06:00:00,67.8,6,13,12
2019-12-13 07:00:00,270.72,7,13,12
2019-12-13 08:00:00,81.07,8,13,12
2019-12-13 09:00:00,69.47,9,13,12
2019-12-13 10:00:00,91.09,10,13,12
2019-12-13 11:00:00,116.64999999999999,11,13,12
2019-12-13 12:00:00,140.48,12,13,12
2019-12-13 13:00:00,115.36999999999999,13,13,12
2019-12-13 14:00:00,235.46,14,13,12
2019-12-13 15:00:00,454.84,15,13,12
2019-12-13 16:00:00,328.58,16,13,12
2019-12-13 17:00:00,95.98,17,13,12
2019-12-13 18:00:00,208.34,18,13,12
2019-12-13 19:00:00,94.45,19,13,12
2019-12-13 20:00:00,133.48,20,13,12
2019-12-13 21:00:00,72.66,21,13,12
2019-12-13 22:00:00,148.59,22,13,12
2019-12-13 23:00:00,215.39,23,13,12
2019-12-14 00:00:00,67.91999999999999,0,14,12
2019-12-14 01:00:00,67.91999999999999,1,14,12
2019-12-14 02:00:00,72.35,2,14,12
2019-12-14 03:00:00,73.83999999999999,3,14,12
2019-12-14 04:00:00,67.8,4,14,12
2019-12-14 05:00:00,67.8,5,14,12
2019-12-14 06:00:00,67.8,6,14,12
2019-12-14 07:00:00,67.8,7,14,12
2019-12-14 08:00:00,67.8,8,14,12
2019-12-14 09:00:00,67.8,9,14,12
2019-12-14 10:00:00,67.8,10,14,12
2019-12-14 11:00:00,67.8,11,14,12
2019-12-14 12:00:00,67.8,12,14,12
2019-12-14 13:00:00,67.8,13,14,12
2019-12-14 14:00:00,67.8,14,14,12
2019-12-14 15:00:00,67.8,15,14,12
2019-12-14 16:00:00,67.8,16,14,12
2019-12-14 17:00:00,67.8,17,14,12
2019-12-14 18:00:00,67.8,18,14,12
2019-12-14 19:00:00,67.8,19,14,12
2019-12-14 20:00:00,67.8,20,14,12
2019-12-14 21:00:00,67.8,21,14,12
2019-12-14 22:00:00,67.8,22,14,12
2019-12-14 23:00:00,67.8,23,14,12
2019-12-15 00:00:00,67.8,0,15,12
2019-12-15 01:00:00,67.8,1,15,12
2019-12-15 02:00:00,67.8,2,15,12
2019-12-15 03:00:00,67.8,3,15,12
2019-12-15 04:00:00,67.8,4,15,12
2019-12-15 05:00:00,67.8,5,15,12
2019-12-15 06:00:00,67.8,6,15,12
2019-12-15 07:00:00,67.8,7,15,12
2019-12-15 08:00:00,67.8,8,15,12
2019-12-15 09:00:00,67.8,9,15,12
2019-12-15 10:00:00,67.8,10,15,12
2019-12-15 11:00:00,67.8,11,15,12
2019-12-15 12:00:00,67.8,12,15,12
2019-12-15 13:00:00,67.8,13,15,12
2019-12-15 14:00:00,67.8,14,15,12
2019-12-15 15:00:00,67.8,15,15,12
2019-12-15 16:00:00,67.8,16,15,12
2019-12-15 17:00:00,67.8,17,15,12
2019-12-15 18:00:00,67.8,18,15,12
2019-12-15 19:00:00,67.8,19,15,12
2019-12-15 20:00:00,67.8,20,15,12
2019-12-15 21:00:00,67.8,21,15,12
2019-12-15 22:00:00,67.8,22,15,12
2019-12-15 23:00:00,67.8,23,15,12
2019-12-16 00:00:00,67.8,0,16,12
2019-12-16 01:00:00,68.50999999999999,1,16,12
2019-12-16 02:00:00,68.27,2,16,12
2019-12-16 03:00:00,67.91999999999999,3,16,12
2019-12-16 04:00:00,68.03999999999999,4,16,12
2019-12-16 05:00:00,68.39999999999999,5,16,12
2019-12-16 06:00:00,86.21,6,16,12
2019-12-16 07:00:00,69.24,7,16,12
2019-12-16 08:00:00,98.24,8,16,12
2019-12-16 09:00:00,106.06,9,16,12
2019-12-16 10:00:00,171.43,10,16,12
2019-12-16 11:00:00,194.19,11,16,12
2019-12-16 12:00:00,100.62,12,16,12
2019-12-16 13:00:00,71.86999999999999,13,16,12
2019-12-16 14:00:00,132.82,14,16,12
2019-12-16 15:00:00,98.89999999999999,15,16,12
2019-12-16 16:00:00,113.88,16,16,12
2019-12-16 17:00:00,279.43,17,16,12
2019-12-16 18:00:00,93.03,18,16,12
2019-12-16 19:00:00,79.73,19,16,12
2019-12-16 20:00:00,107.39999999999999,20,16,12
2019-12-16 21:00:00,77.86,21,16,12
2019-12-16 22:00:00,70.32,22,16,12
2019-12-16 23:00:00,68.03999999999999,23,16,12
2019-12-17 00:00:00,68.16,0,17,12
2019-12-17 01:00:00,68.16,1,17,12
2019-12-17 02:00:00,71.96,2,17,12
2019-12-17 03:00:00,74.67,3,17,12
2019-12-17 04:00:00,95.44,4,17,12
2019-12-17 05:00:00,91.94,5,17,12
2019-12-17 06:00:00,255.34,6,17,12
2019-12-17 07:00:00,90.5,7,17,12
2019-12-17 08:00:00,109.11,8,17,12
2019-12-17 09:00:00,72.97999999999999,9,17,12
2019-12-17 10:00:00,92.99,10,17,12
2019-12-17 11:00:00,125.52,11,17,12
2019-12-17 12:00:00,117.68,12,17,12
2019-12-17 13:00:00,104.58,13,17,12
2019-12-17 14:00:00,209.35,14,17,12
2019-12-17 15:00:00,151.28,15,17,12
2019-12-17 16:00:00,81.92,16,17,12
2019-12-17 17:00:00,83.38,17,17,12
2019-12-17 18:00:00,94.41,18,17,12
2019-12-17 19:00:00,78.07,19,17,12
2019-12-17 20:00:00,75.11,20,17,12
2019-12-17 21:00:00,103.7,21,17,12
2019-12-17 22:00:00,72.13,22,17,12
2019-12-17 23:00:00,69.07,23,17,12
2019-12-18 00:00:00,68.74,0,18,12
2019-12-18 01:00:00,73.49,1,18,12
2019-12-18 02:00:00,67.91999999999999,2,18,12
2019-12-18 03:00:00,68.39,3,18,12
2019-12-18 04:00:00,68.85,4,18,12
2019-12-18 05:00:00,69.42999999999999,5,18,12
2019-12-18 06:00:00,86.78,6,18,12
2019-12-18 07:00:00,86.28,7,18,12
2019-12-18 08:00:00,223.77,8,18,12
2019-12-18 09:00:00,197.08,9,18,12
2019-12-18 10:00:00,102.73,10,18,12
2019-12-18 11:00:00,105.61,11,18,12
2019-12-18 12:00:00,164.57,12,18,12
2019-12-18 13:00:00,146.05,13,18,12
2019-12-18 14:00:00,113.48,14,18,12
2019-12-18 15:00:00,117.94,15,18,12
2019-12-18 16:00:00,240.15,16,18,12
2019-12-18 17:00:00,76.01,17,18,12
2019-12-18 18:00:00,109.8,18,18,12
2019-12-18 19:00:00,93.61,19,18,12
2019-12-18 20:00:00,95.19,20,18,12
2019-12-18 21:00:00,115.61,21,18,12
2019-12-18 22:00:00,69.53,22,18,12
2019-12-18 23:00:00,75.89,23,18,12
2019-12-19 00:00:00,87.58999999999999,0,19,12
2019-12-19 01:00:00,71.35,1,19,12
2019-12-19 02:00:00,79.75999999999999,2,19,12
2019-12-19 03:00:00,71.6,3,19,12
2019-12-19 04:00:00,71.94999999999999,4,19,12
2019-12-19 05:00:00,79.42,5,19,12
2019-12-19 06:00:00,72.78999999999999,6,19,12
2019-12-19 07:00:00,70.89999999999999,7,19,12
2019-12-19 08:00:00,108.28999999999999,8,19,12
2019-12-19 09:00:00,75.25,9,19,12
2019-12-19 10:00:00,98.36,10,19,12
2019-12-19 11:00:00,286.77,11,19,12
2019-12-19 12:00:00,82.65,12,19,12
2019-12-19 13:00:00,84.09,13,19,12
2019-12-19 14:00:00,104.01,14,19,12
2019-12-19 15:00:00,88.89,15,19,12
2019-12-19 16:00:00,96.33,16,19,12
2019-12-19 17:00:00,141.4,17,19,12
2019-12-19 18:00:00,95.07,18,19,12
2019-12-19 19:00:00,71.28,19,19,12
2019-12-19 20:00:00,83.25,20,19,12
2019-12-19 21:00:00,80.95,21,19,12
2019-12-19 22:00:00,73.92999999999999,22,19,12
2019-12-19 23:00:00,77.72,23,19,12
2019-12-20 00:00:00,73.89,0,20,12
2019-12-20 01:00:00,72.42999999999999,1,20,12
2019-12-20 02:00:00,69.69,2,20,12
2019-12-20 03:00:00,70.58,3,20,12
2019-12-20 04:00:00,68.64,4,20,12
2019-12-20 05:00:00,127.75,5,20,12
2019-12-20 06:00:00,256.46,6,20,12
2019-12-20 07:00:00,222.12,7,20,12
2019-12-20 08:00:00,77.56,8,20,12
2019-12-20 09:00:00,83.4,9,20,12
2019-12-20 10:00:00,135.6,10,20,12
2019-12-20 11:00:00,263.71999999999997,11,20,12
2019-12-20 12:00:00,174.62,12,20,12
2019-12-20 13:00:00,114.3,13,20,12
2019-12-20 14:00:00,195.07,14,20,12
2019-12-20 15:00:00,80.42,15,20,12
2019-12-20 16:00:00,112.41,16,20,12
2019-12-20 17:00:00,268.48,17,20,12
2019-12-20 18:00:00,245.09,18,20,12
2019-12-20 19:00:00,111.56,19,20,12
2019-12-20 20:00:00,97.42,20,20,12
2019-12-20 21:00:00,69.44,21,20,12
2019-12-20 22:00:00,68.64,22,20,12
2019-12-20 23:00:00,67.8,23,20,12
2019-12-21 00:00:00,72.8,0,21,12
2019-12-21 01:00:00,69.0,1,21,12
2019-12-21 02:00:00,68.16,2,21,12
2019-12-21 03:00:00,73.63,3,21,12
2019-12-21 04:00:00,68.28,4,21,12
2019-12-21 05:00:00,68.28,5,21,12
2019-12-21 06:00:00,193.14,6,21,12
2019-12-21 07:00:00,280.86,7,21,12
2019-12-21 08:00:00,161.75,8,21,12
2019-12-21 09:00:00,76.23,9,21,12
2019-12-21 10:00:00,71.96,10,21,12
2019-12-21 11:00:00,244.98,11,21,12
2019-12-21 12:00:00,90.25,12,21,12
2019-12-21 13:00:00,127.25999999999999,13,21,12
2019-12-21 14:00:00,104.77,14,21,12
2019-12-21 15:00:00,315.81,15,21,12
2019-12-21 16:00:00,198.88,16,21,12
2019-12-21 17:00:00,84.89999999999999,17,21,12
2019-12-21 18:00:00,76.95,18,21,12
2019-12-21 19:00:00,86.08,19,21,12
2019-12-21 20:00:00,104.12,20,21,12
2019-12-21 21:00:00,72.61,21,21,12
2019-12-21 22:00:00,68.52,22,21,12
2019-12-21 23:00:00,67.8,23,21,12
2019-12-22 00:00:00,68.16,0,22,12
2019-12-22 01:00:00,68.27,1,22,12
2019-12-22 02:00:00,67.8,2,22,12
2019-12-22 03:00:00,67.8,3,22,12
2019-12-22 04:00:00,74.91,4,22,12
2019-12-22 05:00:00,72.05,5,22,12
2019-12-22 06:00:00,69.19999999999999,6,22,12
2019-12-22 07:00:00,89.0,7,22,12
2019-12-22 08:00:00,148.54,8,22,12
2019-12-22 09:00:00,209.0,9,22,12
2019-12-22 10:00:00,411.25,10,22,12
2019-12-22 11:00:00,333.13,11,22,12
2019-12-22 12:00:00,147.16,12,22,12
2019-12-22 13:00:00,82.06,13,22,12
2019-12-22 14:00:00,67.8,14,22,12
2019-12-22 15:00:00,67.8,15,22,12
2019-12-22 16:00:00,67.8,16,22,12
2019-12-22 17:00:00,86.6,17,22,12
2019-12-22 18:00:00,94.53999999999999,18,22,12
2019-12-22 19:00:00,105.36,19,22,12
2019-12-22 20:00:00,89.22,20,22,12
2019-12-22 21:00:00,87.64,21,22,12
2019-12-22 22:00:00,95.58999999999999,22,22,12
2019-12-22 23:00:00,69.42999999999999,23,22,12
2019-12-23 00:00:00,68.86,0,23,12
2019-12-23 01:00:00,69.22,1,23,12
2019-12-23 02:00:00,69.33999999999999,2,23,12
2019-12-23 03:00:00,68.28,3,23,12
2019-12-23 04:00:00,67.91999999999999,4,23,12
2019-12-23 05:00:00,68.63,5,23,12
2019-12-23 06:00:00,73.41,6,23,12
2019-12-23 07:00:00,78.08999999999999,7,23,12
2019-12-23 08:00:00,174.49,8,23,12
2019-12-23 09:00:00,138.79,9,23,12
2019-12-23 10:00:00,77.97999999999999,10,23,12
2019-12-23 11:00:00,138.63,11,23,12
2019-12-23 12:00:00,83.58,12,23,12
2019-12-23 13:00:00,100.94,13,23,12
2019-12-23 14:00:00,186.6,14,23,12
2019-12-23 15:00:00,144.59,15,23,12
2019-12-23 16:00:00,101.8,16,23,12
2019-12-23 17:00:00,162.31,17,23,12
2019-12-23 18:00:00,84.25,18,23,12
2019-12-23 19:00:00,79.71,19,23,12
2019-12-23 20:00:00,86.51,20,23,12
2019-12-23 21:00:00,160.0,21,23,12
2019-12-23 22:00:00,71.58999999999999,22,23,12
2019-12-23 23:00:00,73.74,23,23,12
2019-12-24 00:00:00,68.75999999999999,0,24,12
2019-12-24 01:00:00,69.0,1,24,12
2019-12-24 02:00:00,73.55,2,24,12
2019-12-24 03:00:00,70.83,3,24,12
2019-12-24 04:00:00,68.28,4,24,12
2019-12-24 05:00:00,68.14999999999999,5,24,12
2019-12-24 06:00:00,68.28,6,24,12
2019-12-24 07:00:00,81.24,7,24,12
2019-12-24 08:00:00,73.28,8,24,12
2019-12-24 09:00:00,125.82,9,24,12
2019-12-24 10:00:00,119.2,10,24,12
2019-12-24 11:00:00,183.12,11,24,12
2019-12-24 12:00:00,121.92999999999999,12,24,12
2019-12-24 13:00:00,79.96,13,24,12
2019-12-24 14:00:00,161.85,14,24,12
2019-12-24 15:00:00,96.66,15,24,12
2019-12-24 16:00:00,111.19,16,24,12
2019-12-24 17:00:00,104.86,17,24,12
2019-12-24 18:00:00,94.17,18,24,12
2019-12-24 19:00:00,93.87,19,24,12
2019-12-24 20:00:00,84.82,20,24,12
2019-12-24 21:00:00,77.67,21,24,12
2019-12-24 22:00:00,101.94,22,24,12
2019-12-24 23:00:00,69.88,23,24,12
2019-12-25 00:00:00,78.13,0,25,12
2019-12-25 01:00:00,71.17999999999999,1,25,12
2019-12-25 02:00:00,73.07,2,25,12
2019-12-25 03:00:00,73.39,3,25,12
2019-12-25 04:00:00,71.03999999999999,4,25,12
2019-12-25 05:00:00,67.8,5,25,12
2019-12-25 06:00:00,68.28,6,25,12
2019-12-25 07:00:00,68.75999999999999,7,25,12
2019-12-25 08:00:00,101.34,8,25,12
2019-12-25 09:00:00,114.25,9,25,12
2019-12-25 10:00:00,196.07,10,25,12
2019-12-25 11:00:00,347.42,11,25,12
2019-12-25 12:00:00,361.99,12,25,12
2019-12-25 13:00:00,114.92,13,25,12
2019-12-25 14:00:00,107.17,14,25,12
2019-12-25 15:00:00,108.26,15,25,12
2019-12-25 16:00:00,106.34,16,25,12
2019-12-25 17:00:00,97.39,17,25,12
2019-12-25 18:00:00,95.17,18,25,12
2019-12-25 19:00:00,72.49,19,25,12
2019-12-25 20:00:00,93.21,20,25,12
2019-12-25 21:00:00,107.93,21,25,12
2019-12-25 22:00:00,84.6,22,25,12
2019-12-25 23:00:00,68.03999999999999,23,25,12
2019-12-26 00:00:00,67.91999999999999,0,26,12
2019-12-26 01:00:00,68.52,1,26,12
2019-12-26 02:00:00,68.50999999999999,2,26,12
2019-12-26 03:00:00,74.38,3,26,12
2019-12-26 04:00:00,73.69,4,26,12
2019-12-26 05:00:00,68.03999999999999,5,26,12
2019-12-26 06:00:00,68.86999999999999,6,26,12
2019-12-26 07:00:00,70.17,7,26,12
2019-12-26 08:00:00,100.39,8,26,12
2019-12-26 09:00:00,99.38,9,26,12
2019-12-26 10:00:00,184.57,10,26,12
2019-12-26 11:00:00,140.79,11,26,12
2019-12-26 12:00:00,125.6,12,26,12
2019-12-26 13:00:00,108.1,13,26,12
2019-12-26 14:00:00,109.99,14,26,12
2019-12-26 15:00:00,209.17,15,26,12
2019-12-26 16:00:00,122.12,16,26,12
2019-12-26 17:00:00,382.77,17,26,12
2019-12-26 18:00:00,95.16,18,26,12
2019-12-26 19:00:00,110.29,19,26,12
2019-12-26 20:00:00,104.92,20,26,12
2019-12-26 21:00:00,98.65,21,26,12
2019-12-26 22:00:00,83.53,22,26,12
2019-12-26 23:00:00,114.14999999999999,23,26,12
2019-12-27 00:00:00,68.16,0,27,12
2019-12-27 01:00:00,68.03999999999999,1,27,12
2019-12-27 02:00:00,68.14999999999999,2,27,12
2019-12-27 03:00:00,67.91999999999999,3,27,12
2019-12-27 04:00:00,74.21,4,27,12
2019-12-27 05:00:00,68.39,5,27,12
2019-12-27 06:00:00,68.03999999999999,6,27,12
2019-12-27 07:00:00,70.02,7,27,12
2019-12-27 08:00:00,108.74,8,27,12
2019-12-27 09:00:00,116.83,9,27,12
2019-12-27 10:00:00,112.65,10,27,12
2019-12-27 11:00:00,528.39,11,27,12
2019-12-27 12:00:00,298.23,12,27,12
2019-12-27 13:00:00,118.98,13,27,12
2019-12-27 14:00:00,122.54,14,27,12
2019-12-27 15:00:00,97.94,15,27,12
2019-12-27 16:00:00,100.61,16,27,12
2019-12-27 17:00:00,116.67,17,27,12
2019-12-27 18:00:00,110.48,18,27,12
2019-12-27 19:00:00,82.34,19,27,12
2019-12-27 20:00:00,78.7,20,27,12
2019-12-27 21:00:00,106.02,21,27,12
2019-12-27 22:00:00,68.03999999999999,22,27,12
2019-12-27 23:00:00,68.03999999999999,23,27,12
2019-12-28 00:00:00,69.46,0,28,12
2019-12-28 01:00:00,69.36,1,28,12
2019-12-28 02:00:00,73.89,2,28,12
2019-12-28 03:00:00,68.03999999999999,3,28,12
2019-12-28 04:00:00,68.02999999999999,4,28,12
2019-12-28 05:00:00,68.03999999999999,5,28,12
2019-12-28 06:00:00,82.03999999999999,6,28,12
2019-12-28 07:00:00,173.5,7,28,12
2019-12-28 08:00:00,168.23,8,28,12
2019-12-28 09:00:00,95.39999999999999,9,28,12
2019-12-28 10:00:00,97.58,10,28,12
2019-12-28 11:00:00,178.12,11,28,12
2019-12-28 12:00:00,74.62,12,28,12
2019-12-28 13:00:00,160.82,13,28,12
2019-12-28 14:00:00,311.34,14,28,12
2019-12-28 15:00:00,75.39,15,28,12
2019-12-28 16:00:00,93.88,16,28,12
2019-12-28 17:00:00,72.97,17,28,12
2019-12-28 18:00:00,127.03,18,28,12
2019-12-28 19:00:00,104.99,19,28,12
2019-12-28 20:00:00,67.8,20,28,12
2019-12-28 21:00:00,67.8,21,28,12
2019-12-28 22:00:00,67.8,22,28,12
2019-12-28 23:00:00,67.8,23,28,12
2019-12-29 00:00:00,67.8,0,29,12
2019-12-29 01:00:00,67.8,1,29,12
2019-12-29 02:00:00,67.8,2,29,12
2019-12-29 03:00:00,69.85,3,29,12
2019-12-29 04:00:00,271.51,4,29,12
2019-12-29 05:00:00,175.03,5,29,12
2019-12-29 06:00:00,69.07,6,29,12
2019-12-29 07:00:00,158.55,7,29,12
2019-12-29 08:00:00,110.54,8,29,12
2019-12-29 09:00:00,88.24,9,29,12
2019-12-29 10:00:00,132.75,10,29,12
2019-12-29 11:00:00,102.33,11,29,12
2019-12-29 12:00:00,111.95,12,29,12
2019-12-29 13:00:00,97.08,13,29,12
2019-12-29 14:00:00,91.1,14,29,12
2019-12-29 15:00:00,119.86,15,29,12
2019-12-29 16:00:00,87.75,16,29,12
2019-12-29 17:00:00,123.3,17,29,12
2019-12-29 18:00:00,101.72,18,29,12
2019-12-29 19:00:00,78.09,19,29,12
2019-12-29 20:00:00,84.09,20,29,12
2019-12-29 21:00:00,79.05,21,29,12
2019-12-29 22:00:00,69.92999999999999,22,29,12
2019-12-29 23:00:00,73.06,23,29,12
2019-12-30 00:00:00,101.06,0,30,12
2019-12-30 01:00:00,68.94999999999999,1,30,12
2019-12-30 02:00:00,70.58,2,30,12
2019-12-30 03:00:00,68.74,3,30,12
2019-12-30 04:00:00,68.38,4,30,12
2019-12-30 05:00:00,68.96,5,30,12
2019-12-30 06:00:00,68.02999999999999,6,30,12
2019-12-30 07:00:00,152.73,7,30,12
2019-12-30 08:00:00,132.59,8,30,12
2019-12-30 09:00:00,130.2,9,30,12
2019-12-30 10:00:00,231.9,10,30,12
2019-12-30 11:00:00,285.98,11,30,12
2019-12-30 12:00:00,225.96,12,30,12
2019-12-30 13:00:00,114.36,13,30,12
2019-12-30 14:00:00,103.97,14,30,12
2019-12-30 15:00:00,114.42,15,30,12
2019-12-30 16:00:00,98.69,16,30,12
2019-12-30 17:00:00,90.8,17,30,12
2019-12-30 18:00:00,75.36,18,30,12
2019-12-30 19:00:00,76.92999999999999,19,30,12
2019-12-30 20:00:00,106.25999999999999,20,30,12
2019-12-30 21:00:00,77.73,21,30,12
2019-12-30 22:00:00,98.88,22,30,12
2019-12-30 23:00:00,91.39,23,30,12
2019-12-31 00:00:00,82.73,0,31,12
2019-12-31 01:00:00,113.88,1,31,12
2019-12-31 02:00:00,68.61,2,31,12
2019-12-31 03:00:00,68.61,3,31,12
2019-12-31 04:00:00,69.19,4,31,12
2019-12-31 05:00:00,68.38,5,31,12
2019-12-31 06:00:00,69.07,6,31,12
2019-12-31 07:00:00,69.3,7,31,12
2019-12-31 08:00:00,68.02999999999999,8,31,12
2019-12-31 09:00:00,82.22,9,31,12
2019-12-31 10:00:00,105.88,10,31,12
2019-12-31 11:00:00,168.4,11,31,12
2019-12-31 12:00:00,106.16,12,31,12
2019-12-31 13:00:00,134.03,13,31,12
2019-12-31 14:00:00,94.14,14,31,12
2019-12-31 15:00:00,141.26,15,31,12
2019-12-31 16:00:00,131.29,16,31,12
2019-12-31 17:00:00,94.26,17,31,12
2019-12-31 18:00:00,103.85000000000001,18,31,12
2019-12-31 19:00:00,108.01,19,31,12
2019-12-31 20:00:00,132.16,20,31,12
2019-12-31 21:00:00,94.98,21,31,12
2019-12-31 22:00:00,278.61,22,31,12
2019-12-31 23:00:00,205.37,23,31,12
2020-01-01 00:00:00,118.62,0,1,1
2020-01-01 01:00:00,173.93,1,1,1
2020-01-01 02:00:00,117.56,2,1,1
2020-01-01 03:00:00,84.33,3,1,1
2020-01-01 04:00:00,99.32,4,1,1
2020-01-01 05:00:00,68.72,5,1,1
2020-01-01 06:00:00,69.16999999999999,6,1,1
2020-01-01 07:00:00,69.16999999999999,7,1,1
2020-01-01 08:00:00,68.14,8,1,1
2020-01-01 09:00:00,70.19999999999999,9,1,1
2020-01-01 10:00:00,89.61,10,1,1
2020-01-01 11:00:00,173.87,11,1,1
2020-01-01 12:00:00,93.81,12,1,1
2020-01-01 13:00:00,150.59,13,1,1
2020-01-01 14:00:00,81.34,14,1,1
2020-01-01 15:00:00,103.01,15,1,1
2020-01-01 16:00:00,139.6,16,1,1
2020-01-01 17:00:00,125.17,17,1,1
2020-01-01 18:00:00,154.83,18,1,1
2020-01-01 19:00:00,202.08,19,1,1
2020-01-01 20:00:00,95.45,20,1,1
2020-01-01 21:00:00,79.98,21,1,1
2020-01-01 22:00:00,101.17999999999999,22,1,1
2020-01-01 23:00:00,69.67999999999999,23,1,1
2020-01-02 00:00:00,94.5,0,2,1
2020-01-02 01:00:00,68.02,1,2,1
2020-01-02 02:00:00,67.8,2,2,1
2020-01-02 03:00:00,68.02,3,2,1
2020-01-02 04:00:00,69.61,4,2,1
2020-01-02 05:00:00,68.25,5,2,1
2020-01-02 06:00:00,78.3,6,2,1
2020-01-02 07:00:00,201.83,7,2,1
2020-01-02 08:00:00,108.58,8,2,1
2020-01-02 09:00:00,145.14,9,2,1
2020-01-02 10:00:00,107.32000000000001,10,2,1
2020-01-02 11:00:00,164.59,11,2,1
2020-01-02 12:00:00,145.59,12,2,1
2020-01-02 13:00:00,94.42999999999999,13,2,1
2020-01-02 14:00:00,168.98,14,2,1
2020-01-02 15:00:00,228.28,15,2,1
2020-01-02 16:00:00,75.11,16,2,1
2020-01-02 17:00:00,89.42,17,2,1
2020-01-02 18:00:00,80.81,18,2,1
2020-01-02 19:00:00,155.66,19,2,1
2020-01-02 20:00:00,126.23,20,2,1
2020-01-02 21:00:00,82.37,21,2,1
2020-01-02 22:00:00,68.47,22,2,1
2020-01-02 23:00:00,104.98,23,2,1
2020-01-03 00:00:00,259.89,0,3,1
2020-01-03 01:00:00,103.92999999999999,1,3,1
2020-01-03 02:00:00,67.91,2,3,1
2020-01-03 03:00:00,67.91,3,3,1
2020-01-03 04:00:00,67.91,4,3,1
2020-01-03 05:00:00,67.91,5,3,1
2020-01-03 06:00:00,72.49,6,3,1
2020-01-03 07:00:00,126.56,7,3,1
2020-01-03 08:00:00,255.37,8,3,1
2020-01-03 09:00:00,92.53999999999999,9,3,1
2020-01-03 10:00:00,86.23,10,3,1
2020-01-03 11:00:00,79.25,11,3,1
2020-01-03 12:00:00,105.43,12,3,1
2020-01-03 13:00:00,126.92,13,3,1
2020-01-03 14:00:00,125.49000000000001,14,3,1
2020-01-03 15:00:00,296.51,15,3,1
2020-01-03 16:00:00,67.91,16,3,1
2020-01-03 17:00:00,75.5,17,3,1
2020-01-03 18:00:00,92.39,18,3,1
2020-01-03 19:00:00,92.45,19,3,1
2020-01-03 20:00:00,88.64,20,3,1
2020-01-03 21:00:00,72.08999999999999,21,3,1
2020-01-03 22:00:00,68.13,22,3,1
2020-01-03 23:00:00,68.02,23,3,1
2020-01-04 00:00:00,68.13,0,4,1
2020-01-04 01:00:00,73.22999999999999,1,4,1
2020-01-04 02:00:00,69.22999999999999,2,4,1
2020-01-04 03:00:00,68.46,3,4,1
2020-01-04 04:00:00,68.13,4,4,1
2020-01-04 05:00:00,70.05,5,4,1
2020-01-04 06:00:00,68.02,6,4,1
2020-01-04 07:00:00,69.03,7,4,1
2020-01-04 08:00:00,71.08999999999999,8,4,1
2020-01-04 09:00:00,73.02,9,4,1
2020-01-04 10:00:00,119.21,10,4,1
2020-01-04 11:00:00,151.12,11,4,1
2020-01-04 12:00:00,67.8,12,4,1
2020-01-04 13:00:00,82.33,13,4,1
2020-01-04 14:00:00,73.1,14,4,1
2020-01-04 15:00:00,152.45,15,4,1
2020-01-04 16:00:00,67.8,16,4,1
2020-01-04 17:00:00,67.8,17,4,1
2020-01-04 18:00:00,67.8,18,4,1
2020-01-04 19:00:00,67.8,19,4,1
2020-01-04 20:00:00,67.8,20,4,1
2020-01-04 21:00:00,67.8,21,4,1
2020-01-04 22:00:00,67.8,22,4,1
2020-01-04 23:00:00,67.8,23,4,1
2020-01-05 00:00:00,67.8,0,5,1
2020-01-05 01:00:00,67.8,1,5,1
2020-01-05 02:00:00,67.8,2,5,1
2020-01-05 03:00:00,67.8,3,5,1
2020-01-05 04:00:00,67.8,4,5,1
2020-01-05 05:00:00,67.8,5,5,1
2020-01-05 06:00:00,67.8,6,5,1
2020-01-05 07:00:00,67.8,7,5,1
2020-01-05 08:00:00,67.8,8,5,1
2020-01-05 09:00:00,67.8,9,5,1
2020-01-05 10:00:00,67.8,10,5,1
2020-01-05 11:00:00,67.8,11,5,1
2020-01-05 12:00:00,261.76,12,5,1
2020-01-05 13:00:00,330.46,13,5,1
2020-01-05 14:00:00,73.47,14,5,1
2020-01-05 15:00:00,90.97,15,5,1
2020-01-05 16:00:00,203.76,16,5,1
2020-01-05 17:00:00,196.42,17,5,1
2020-01-05 18:00:00,82.97,18,5,1
2020-01-05 19:00:00,84.58,19,5,1
2020-01-05 20:00:00,118.0,20,5,1
2020-01-05 21:00:00,72.75999999999999,21,5,1
2020-01-05 22:00:00,68.46,22,5,1
2020-01-05 23:00:00,72.64,23,5,1
2020-01-06 00:00:00,68.35,0,6,1
2020-01-06 01:00:00,67.91,1,6,1
2020-01-06 02:00:00,69.49,2,6,1
2020-01-06 03:00:00,73.91,3,6,1
2020-01-06 04:00:00,68.13,4,6,1
2020-01-06 05:00:00,68.24,5,6,1
2020-01-06 06:00:00,68.13,6,6,1
2020-01-06 07:00:00,70.05,7,6,1
2020-01-06 08:00:00,150.35,8,6,1
2020-01-06 09:00:00,213.31,9,6,1
2020-01-06 10:00:00,93.33,10,6,1
2020-01-06 11:00:00,132.5,11,6,1
2020-01-06 12:00:00,98.77,12,6,1
2020-01-06 13:00:00,96.57,13,6,1
2020-01-06 14:00:00,116.55,14,6,1
2020-01-06 15:00:00,84.89,15,6,1
2020-01-06 16:00:00,423.9,16,6,1
2020-01-06 17:00:00,328.38,17,6,1
2020-01-06 18:00:00,265.87,18,6,1
2020-01-06 19:00:00,128.42000000000002,19,6,1
2020-01-06 20:00:00,81.64,20,6,1
2020-01-06 21:00:00,95.52,21,6,1
2020-01-06 22:00:00,68.13,22,6,1
2020-01-06 23:00:00,74.36999999999999,23,6,1
2020-01-07 00:00:00,72.42,0,7,1
2020-01-07 01:00:00,68.78999999999999,1,7,1
2020-01-07 02:00:00,73.55,2,7,1
2020-01-07 03:00:00,68.02,3,7,1
2020-01-07 04:00:00,67.91,4,7,1
2020-01-07 05:00:00,68.24,5,7,1
2020-01-07 06:00:00,69.61,6,7,1
2020-01-07 07:00:00,207.35,7,7,1
2020-01-07 08:00:00,156.22,8,7,1
2020-01-07 09:00:00,134.4,9,7,1
2020-01-07 10:00:00,115.82,10,7,1
2020-01-07 11:00:00,120.72,11,7,1
2020-01-07 12:00:00,113.72,12,7,1
2020-01-07 13:00:00,117.2,13,7,1
2020-01-07 14:00:00,274.0,14,7,1
2020-01-07 15:00:00,177.23,15,7,1
2020-01-07 16:00:00,79.46,16,7,1
2020-01-07 17:00:00,113.78,17,7,1
2020-01-07 18:00:00,87.99,18,7,1
2020-01-07 19:00:00,86.25999999999999,19,7,1
2020-01-07 20:00:00,109.13,20,7,1
2020-01-07 21:00:00,69.49,21,7,1
2020-01-07 22:00:00,68.25,22,7,1
2020-01-07 23:00:00,74.67999999999999,23,7,1
2020-01-08 00:00:00,76.71,0,8,1
2020-01-08 01:00:00,79.91,1,8,1
2020-01-08 02:00:00,67.91,2,8,1
2020-01-08 03:00:00,68.14,3,8,1
2020-01-08 04:00:00,68.24,4,8,1
2020-01-08 05:00:00,68.46,5,8,1
2020-01-08 06:00:00,68.13,6,8,1
2020-01-08 07:00:00,68.13,7,8,1
2020-01-08 08:00:00,68.13,8,8,1
2020-01-08 09:00:00,107.72,9,8,1
2020-01-08 10:00:00,156.27,10,8,1
2020-01-08 11:00:00,494.74,11,8,1
2020-01-08 12:00:00,198.26,12,8,1
2020-01-08 13:00:00,202.11,13,8,1
2020-01-08 14:00:00,165.32,14,8,1
2020-01-08 15:00:00,82.63,15,8,1
2020-01-08 16:00:00,197.21,16,8,1
2020-01-08 17:00:00,79.92,17,8,1
2020-01-08 18:00:00,86.32,18,8,1
2020-01-08 19:00:00,87.68,19,8,1
2020-01-08 20:00:00,71.07,20,8,1
2020-01-08 21:00:00,124.36,21,8,1
2020-01-08 22:00:00,178.82,22,8,1
2020-01-08 23:00:00,82.83999999999999,23,8,1
2020-01-09 00:00:00,110.78999999999999,0,9,1
2020-01-09 01:00:00,247.18,1,9,1
2020-01-09 02:00:00,67.8,2,9,1
2020-01-09 03:00:00,67.8,3,9,1
2020-01-09 04:00:00,68.02,4,9,1
2020-01-09 05:00:00,67.8,5,9,1
2020-01-09 06:00:00,68.47,6,9,1
2020-01-09 07:00:00,68.35,7,9,1
2020-01-09 08:00:00,68.58999999999999,8,9,1
2020-01-09 09:00:00,67.8,9,9,1
2020-01-09 10:00:00,273.08,10,9,1
2020-01-09 11:00:00,142.44,11,9,1
2020-01-09 12:00:00,115.32000000000001,12,9,1
2020-01-09 13:00:00,152.52,13,9,1
2020-01-09 14:00:00,167.56,14,9,1
2020-01-09 15:00:00,268.91,15,9,1
2020-01-09 16:00:00,247.34,16,9,1
2020-01-09 17:00:00,96.44,17,9,1
2020-01-09 18:00:00,129.03,18,9,1
2020-01-09 19:00:00,298.38,19,9,1
2020-01-09 20:00:00,82.1,20,9,1
2020-01-09 21:00:00,71.97,21,9,1
2020-01-09 22:00:00,71.64999999999999,22,9,1
2020-01-09 23:00:00,92.13,23,9,1
2020-01-10 00:00:00,68.02,0,10,1
2020-01-10 01:00:00,67.91,1,10,1
2020-01-10 02:00:00,68.13,2,10,1
2020-01-10 03:00:00,67.91,3,10,1
2020-01-10 04:00:00,74.55999999999999,4,10,1
2020-01-10 05:00:00,70.72,5,10,1
2020-01-10 06:00:00,68.14,6,10,1
2020-01-10 07:00:00,68.02,7,10,1
2020-01-10 08:00:00,68.24,8,10,1
2020-01-10 09:00:00,90.33,9,10,1
2020-01-10 10:00:00,102.65,10,10,1
2020-01-10 11:00:00,100.28999999999999,11,10,1
2020-01-10 12:00:00,529.3,12,10,1
2020-01-10 13:00:00,154.16,13,10,1
2020-01-10 14:00:00,241.48,14,10,1
2020-01-10 15:00:00,108.76,15,10,1
2020-01-10 16:00:00,102.85,16,10,1
2020-01-10 17:00:00,73.03,17,10,1
2020-01-10 18:00:00,79.11,18,10,1
2020-01-10 19:00:00,96.52,19,10,1
2020-01-10 20:00:00,117.13,20,10,1
2020-01-10 21:00:00,76.14999999999999,21,10,1
2020-01-10 22:00:00,72.64999999999999,22,10,1
2020-01-10 23:00:00,82.28999999999999,23,10,1
2020-01-11 00:00:00,68.02,0,11,1
2020-01-11 01:00:00,68.02,1,11,1
2020-01-11 02:00:00,68.02,2,11,1
2020-01-11 03:00:00,75.94,3,11,1
2020-01-11 04:00:00,72.08,4,11,1
2020-01-11 05:00:00,72.19999999999999,5,11,1
2020-01-11 06:00:00,69.61,6,11,1
2020-01-11 07:00:00,67.91,7,11,1
2020-01-11 08:00:00,72.44,8,11,1
2020-01-11 09:00:00,74.35,9,11,1
2020-01-11 10:00:00,90.07,10,11,1
2020-01-11 11:00:00,140.54,11,11,1
2020-01-11 12:00:00,103.67,12,11,1
2020-01-11 13:00:00,225.45,13,11,1
2020-01-11 14:00:00,605.56,14,11,1
2020-01-11 15:00:00,391.46,15,11,1
2020-01-11 16:00:00,97.84,16,11,1
2020-01-11 17:00:00,160.77,17,11,1
2020-01-11 18:00:00,79.14999999999999,18,11,1
2020-01-11 19:00:00,95.42999999999999,19,11,1
2020-01-11 20:00:00,91.27,20,11,1
2020-01-11 21:00:00,103.62,21,11,1
2020-01-11 22:00:00,84.11999999999999,22,11,1
2020-01-11 23:00:00,68.57,23,11,1
2020-01-12 00:00:00,88.14999999999999,0,12,1
2020-01-12 01:00:00,67.91,1,12,1
2020-01-12 02:00:00,68.35,2,12,1
2020-01-12 03:00:00,67.91,3,12,1
2020-01-12 04:00:00,70.63,4,12,1
2020-01-12 05:00:00,67.8,5,12,1
2020-01-12 06:00:00,68.02,6,12,1
2020-01-12 07:00:00,67.91,7,12,1
2020-01-12 08:00:00,68.35,8,12,1
2020-01-12 09:00:00,70.39,9,12,1
2020-01-12 10:00:00,67.8,10,12,1
2020-01-12 11:00:00,67.8,11,12,1
2020-01-12 12:00:00,67.8,12,12,1
2020-01-12 13:00:00,67.8,13,12,1
2020-01-12 14:00:00,346.33,14,12,1
2020-01-12 15:00:00,375.3,15,12,1
2020-01-12 16:00:00,87.38,16,12,1
2020-01-12 17:00:00,86.88,17,12,1
2020-01-12 18:00:00,86.52,18,12,1
2020-01-12 19:00:00,70.16,19,12,1
2020-01-12 20:00:00,67.8,20,12,1
2020-01-12 21:00:00,67.8,21,12,1
2020-01-12 22:00:00,67.8,22,12,1
2020-01-12 23:00:00,89.61,23,12,1
2020-01-13 00:00:00,68.02,0,13,1
2020-01-13 01:00:00,71.42999999999999,1,13,1
2020-01-13 02:00:00,67.91,2,13,1
2020-01-13 03:00:00,67.91,3,13,1
2020-01-13 04:00:00,67.91,4,13,1
2020-01-13 05:00:00,73.46,5,13,1
2020-01-13 06:00:00,74.24,6,13,1
2020-01-13 07:00:00,171.03,7,13,1
2020-01-13 08:00:00,210.04,8,13,1
2020-01-13 09:00:00,97.53,9,13,1
2020-01-13 10:00:00,96.89,10,13,1
2020-01-13 11:00:00,117.37,11,13,1
2020-01-13 12:00:00,101.64999999999999,12,13,1
2020-01-13 13:00:00,91.11,13,13,1
2020-01-13 14:00:00,98.52,14,13,1
2020-01-13 15:00:00,284.84000000000003,15,13,1
2020-01-13 16:00:00,80.5,16,13,1
2020-01-13 17:00:00,68.6,17,13,1
2020-01-13 18:00:00,131.08,18,13,1
2020-01-13 19:00:00,82.16,19,13,1
2020-01-13 20:00:00,69.58,20,13,1
2020-01-13 21:00:00,107.63,21,13,1
2020-01-13 22:00:00,68.46,22,13,1
2020-01-13 23:00:00,73.58,23,13,1
2020-01-14 00:00:00,68.91999999999999,0,14,1
2020-01-14 01:00:00,72.86999999999999,1,14,1
2020-01-14 02:00:00,73.08999999999999,2,14,1
2020-01-14 03:00:00,70.83,3,14,1
2020-01-14 04:00:00,68.69,4,14,1
2020-01-14 05:00:00,68.02,5,14,1
2020-01-14 06:00:00,68.47999999999999,6,14,1
2020-01-14 07:00:00,67.8,7,14,1
2020-01-14 08:00:00,72.89,8,14,1
2020-01-14 09:00:00,92.82,9,14,1
2020-01-14 10:00:00,81.04,10,14,1
2020-01-14 11:00:00,102.13,11,14,1
2020-01-14 12:00:00,284.23,12,14,1
2020-01-14 13:00:00,111.04,13,14,1
2020-01-14 14:00:00,108.54,14,14,1
2020-01-14 15:00:00,529.96,15,14,1
2020-01-14 16:00:00,546.35,16,14,1
2020-01-14 17:00:00,148.82,17,14,1
2020-01-14 18:00:00,283.7,18,14,1
2020-01-14 19:00:00,125.72,19,14,1
2020-01-14 20:00:00,115.02,20,14,1
2020-01-14 21:00:00,111.79,21,14,1
2020-01-14 22:00:00,75.38,22,14,1
2020-01-14 23:00:00,71.75999999999999,23,14,1
2020-01-15 00:00:00,69.11999999999999,0,15,1
2020-01-15 01:00:00,68.89999999999999,1,15,1
2020-01-15 02:00:00,70.49,2,15,1
2020-01-15 03:00:00,72.08999999999999,3,15,1
2020-01-15 04:00:00,68.02999999999999,4,15,1
2020-01-15 05:00:00,68.02,5,15,1
2020-01-15 06:00:00,68.36,6,15,1
2020-01-15 07:00:00,68.35,7,15,1
2020-01-15 08:00:00,86.02,8,15,1
2020-01-15 09:00:00,285.34000000000003,9,15,1
2020-01-15 10:00:00,91.46000000000001,10,15,1
2020-01-15 11:00:00,106.58,11,15,1
2020-01-15 12:00:00,156.32,12,15,1
2020-01-15 13:00:00,105.95,13,15,1
2020-01-15 14:00:00,104.69,14,15,1
2020-01-15 15:00:00,232.35,15,15,1
2020-01-15 16:00:00,403.94,16,15,1
2020-01-15 17:00:00,336.91,17,15,1
2020-01-15 18:00:00,103.16,18,15,1
2020-01-15 19:00:00,95.41,19,15,1
2020-01-15 20:00:00,155.05,20,15,1
2020-01-15 21:00:00,77.00999999999999,21,15,1
2020-01-15 22:00:00,67.91,22,15,1
2020-01-15 23:00:00,72.99,23,15,1
2020-01-16 00:00:00,68.02,0,16,1
2020-01-16 01:00:00,67.91,1,16,1
2020-01-16 02:00:00,68.24,2,16,1
2020-01-16 03:00:00,71.86999999999999,3,16,1
2020-01-16 04:00:00,69.02,4,16,1
2020-01-16 05:00:00,76.16,5,16,1
2020-01-16 06:00:00,75.6,6,16,1
2020-01-16 07:00:00,98.36999999999999,7,16,1
2020-01-16 08:00:00,167.3,8,16,1
2020-01-16 09:00:00,235.76,9,16,1
2020-01-16 10:00:00,100.72,10,16,1
2020-01-16 11:00:00,128.37,11,16,1
2020-01-16 12:00:00,279.31,12,16,1
2020-01-16 13:00:00,129.03,13,16,1
2020-01-16 14:00:00,77.07,14,16,1
2020-01-16 15:00:00,96.97,15,16,1
2020-01-16 16:00:00,529.32,16,16,1
2020-01-16 17:00:00,115.49,17,16,1
2020-01-16 18:00:00,90.77,18,16,1
2020-01-16 19:00:00,296.67,19,16,1
2020-01-16 20:00:00,385.3,20,16,1
2020-01-16 21:00:00,125.50999999999999,21,16,1
2020-01-16 22:00:00,68.24,22,16,1
2020-01-16 23:00:00,68.25,23,16,1
2020-01-17 00:00:00,68.02,0,17,1
2020-01-17 01:00:00,68.47,1,17,1
2020-01-17 02:00:00,68.13,2,17,1
2020-01-17 03:00:00,67.8,3,17,1
2020-01-17 04:00:00,71.99,4,17,1
2020-01-17 05:00:00,70.72999999999999,5,17,1
2020-01-17 06:00:00,68.24,6,17,1
2020-01-17 07:00:00,83.42999999999999,7,17,1
2020-01-17 08:00:00,165.63,8,17,1
2020-01-17 09:00:00,219.82,9,17,1
2020-01-17 10:00:00,106.35,10,17,1
2020-01-17 11:00:00,145.5,11,17,1
2020-01-17 12:00:00,109.94,12,17,1
2020-01-17 13:00:00,82.34,13,17,1
2020-01-17 14:00:00,225.2,14,17,1
2020-01-17 15:00:00,360.15,15,17,1
2020-01-17 16:00:00,304.13,16,17,1
2020-01-17 17:00:00,71.75999999999999,17,17,1
2020-01-17 18:00:00,161.99,18,17,1
2020-01-17 19:00:00,83.53999999999999,19,17,1
2020-01-17 20:00:00,77.08999999999999,20,17,1
2020-01-17 21:00:00,86.47999999999999,21,17,1
2020-01-17 22:00:00,92.91999999999999,22,17,1
2020-01-17 23:00:00,71.97999999999999,23,17,1
2020-01-18 00:00:00,68.25,0,18,1
2020-01-18 01:00:00,70.16,1,18,1
2020-01-18 02:00:00,73.89999999999999,2,18,1
2020-01-18 03:00:00,70.92999999999999,3,18,1
2020-01-18 04:00:00,68.13,4,18,1
2020-01-18 05:00:00,68.02,5,18,1
2020-01-18 06:00:00,68.24,6,18,1
2020-01-18 07:00:00,68.36,7,18,1
2020-01-18 08:00:00,72.99,8,18,1
2020-01-18 09:00:00,99.98,9,18,1
2020-01-18 10:00:00,73.69999999999999,10,18,1
2020-01-18 11:00:00,469.86,11,18,1
2020-01-18 12:00:00,613.02,12,18,1
2020-01-18 13:00:00,243.48,13,18,1
2020-01-18 14:00:00,282.43,14,18,1
2020-01-18 15:00:00,235.0,15,18,1
2020-01-18 16:00:00,245.17,16,18,1
2020-01-18 17:00:00,122.16,17,18,1
2020-01-18 18:00:00,70.19,18,18,1
2020-01-18 19:00:00,70.85,19,18,1
2020-01-18 20:00:00,75.92999999999999,20,18,1
2020-01-18 21:00:00,75.94999999999999,21,18,1
2020-01-18 22:00:00,68.35,22,18,1
2020-01-18 23:00:00,68.35,23,18,1
2020-01-19 00:00:00,67.8,0,19,1
2020-01-19 01:00:00,68.13,1,19,1
2020-01-19 02:00:00,68.02,2,19,1
2020-01-19 03:00:00,68.02,3,19,1
2020-01-19 04:00:00,67.91,4,19,1
2020-01-19 05:00:00,68.69999999999999,5,19,1
2020-01-19 06:00:00,68.67999999999999,6,19,1
2020-01-19 07:00:00,68.02,7,19,1
2020-01-19 08:00:00,71.53999999999999,8,19,1
2020-01-19 09:00:00,67.8,9,19,1
2020-01-19 10:00:00,221.39,10,19,1
2020-01-19 11:00:00,120.54,11,19,1
2020-01-19 12:00:00,134.61,12,19,1
2020-01-19 13:00:00,149.08,13,19,1
2020-01-19 14:00:00,238.21,14,19,1
2020-01-19 15:00:00,243.9,15,19,1
2020-01-19 16:00:00,365.57,16,19,1
2020-01-19 17:00:00,70.08,17,19,1
2020-01-19 18:00:00,67.8,18,19,1
2020-01-19 19:00:00,67.8,19,19,1
2020-01-19 20:00:00,67.8,20,19,1
2020-01-19 21:00:00,70.16999999999999,21,19,1
2020-01-19 22:00:00,69.61,22,19,1
2020-01-19 23:00:00,68.35,23,19,1
2020-01-20 00:00:00,68.35,0,20,1
2020-01-20 01:00:00,69.6,1,20,1
2020-01-20 02:00:00,68.67999999999999,2,20,1
2020-01-20 03:00:00,67.91,3,20,1
2020-01-20 04:00:00,72.86999999999999,4,20,1
2020-01-20 05:00:00,67.8,5,20,1
2020-01-20 06:00:00,256.81,6,20,1
2020-01-20 07:00:00,99.14,7,20,1
2020-01-20 08:00:00,131.95,8,20,1
2020-01-20 09:00:00,98.61,9,20,1
2020-01-20 10:00:00,113.62,10,20,1
2020-01-20 11:00:00,114.83,11,20,1
2020-01-20 12:00:00,140.39,12,20,1
2020-01-20 13:00:00,304.2,13,20,1
2020-01-20 14:00:00,78.55,14,20,1
2020-01-20 15:00:00,81.41,15,20,1
2020-01-20 16:00:00,79.85,16,20,1
2020-01-20 17:00:00,86.69999999999999,17,20,1
2020-01-20 18:00:00,105.47,18,20,1
2020-01-20 19:00:00,80.58,19,20,1
2020-01-20 20:00:00,67.8,20,20,1
2020-01-20 21:00:00,70.16999999999999,21,20,1
2020-01-20 22:00:00,68.02,22,20,1
2020-01-20 23:00:00,74.14,23,20,1
2020-01-21 00:00:00,68.13,0,21,1
2020-01-21 01:00:00,68.35,1,21,1
2020-01-21 02:00:00,71.75,2,21,1
2020-01-21 03:00:00,68.58,3,21,1
2020-01-21 04:00:00,67.8,4,21,1
2020-01-21 05:00:00,72.32,5,21,1
2020-01-21 06:00:00,68.25,6,21,1
2020-01-21 07:00:00,73.91,7,21,1
2020-01-21 08:00:00,204.71,8,21,1
2020-01-21 09:00:00,159.33,9,21,1
2020-01-21 10:00:00,144.28,10,21,1
2020-01-21 11:00:00,90.16,11,21,1
2020-01-21 12:00:00,113.73,12,21,1
2020-01-21 13:00:00,122.37,13,21,1
2020-01-21 14:00:00,137.99,14,21,1
2020-01-21 15:00:00,531.5,15,21,1
2020-01-21 16:00:00,450.29,16,21,1
2020-01-21 17:00:00,201.52,17,21,1
2020-01-21 18:00:00,94.5,18,21,1
2020-01-21 19:00:00,196.98000000000002,19,21,1
2020-01-21 20:00:00,227.5,20,21,1
2020-01-21 21:00:00,105.3,21,21,1
2020-01-21 22:00:00,73.44999999999999,22,21,1
2020-01-21 23:00:00,68.46,23,21,1
2020-01-22 00:00:00,67.91,0,22,1
2020-01-22 01:00:00,69.72,1,22,1
2020-01-22 02:00:00,67.91,2,22,1
2020-01-22 03:00:00,71.17,3,22,1
2020-01-22 04:00:00,68.24,4,22,1
2020-01-22 05:00:00,199.63,5,22,1
2020-01-22 06:00:00,234.49,6,22,1
2020-01-22 07:00:00,134.5,7,22,1
2020-01-22 08:00:00,74.69999999999999,8,22,1
2020-01-22 09:00:00,74.72,9,22,1
2020-01-22 10:00:00,148.94,10,22,1
2020-01-22 11:00:00,226.76,11,22,1
2020-01-22 12:00:00,152.92,12,22,1
2020-01-22 13:00:00,124.77,13,22,1
2020-01-22 14:00:00,74.82,14,22,1
2020-01-22 15:00:00,68.57,15,22,1
2020-01-22 16:00:00,80.66,16,22,1
2020-01-22 17:00:00,229.27,17,22,1
2020-01-22 18:00:00,398.23,18,22,1
2020-01-22 19:00:00,143.37,19,22,1
2020-01-22 20:00:00,86.82000000000001,20,22,1
2020-01-22 21:00:00,83.55,21,22,1
2020-01-22 22:00:00,128.85999999999999,22,22,1
2020-01-22 23:00:00,83.64999999999999,23,22,1
2020-01-23 00:00:00,68.82,0,23,1
2020-01-23 01:00:00,68.25,1,23,1
2020-01-23 02:00:00,68.14,2,23,1
2020-01-23 03:00:00,69.02,3,23,1
2020-01-23 04:00:00,73.22999999999999,4,23,1
2020-01-23 05:00:00,178.68,5,23,1
2020-01-23 06:00:00,402.2,6,23,1
2020-01-23 07:00:00,172.4,7,23,1
2020-01-23 08:00:00,204.47,8,23,1
2020-01-23 09:00:00,77.75,9,23,1
2020-01-23 10:00:00,78.25999999999999,10,23,1
2020-01-23 11:00:00,83.44,11,23,1
2020-01-23 12:00:00,69.14999999999999,12,23,1
2020-01-23 13:00:00,112.36,13,23,1
2020-01-23 14:00:00,96.69,14,23,1
2020-01-23 15:00:00,249.14,15,23,1
2020-01-23 16:00:00,215.98,16,23,1
2020-01-23 17:00:00,134.03,17,23,1
2020-01-23 18:00:00,92.78999999999999,18,23,1
2020-01-23 19:00:00,70.92999999999999,19,23,1
2020-01-23 20:00:00,69.25,20,23,1
2020-01-23 21:00:00,214.38,21,23,1
2020-01-23 22:00:00,214.62,22,23,1
2020-01-23 23:00:00,70.50999999999999,23,23,1
2020-01-24 00:00:00,68.02999999999999,0,24,1
2020-01-24 01:00:00,68.58,1,24,1
2020-01-24 02:00:00,67.91,2,24,1
2020-01-24 03:00:00,68.02,3,24,1
2020-01-24 04:00:00,68.47,4,24,1
2020-01-24 05:00:00,72.77,5,24,1
2020-01-24 06:00:00,68.58,6,24,1
2020-01-24 07:00:00,68.47,7,24,1
2020-01-24 08:00:00,74.24,8,24,1
2020-01-24 09:00:00,67.8,9,24,1
2020-01-24 10:00:00,88.28999999999999,10,24,1
2020-01-24 11:00:00,255.12,11,24,1
2020-01-24 12:00:00,107.92999999999999,12,24,1
2020-01-24 13:00:00,202.27,13,24,1
2020-01-24 14:00:00,108.71,14,24,1
2020-01-24 15:00:00,112.37,15,24,1
2020-01-24 16:00:00,307.94,16,24,1
2020-01-24 17:00:00,78.42999999999999,17,24,1
2020-01-24 18:00:00,112.05,18,24,1
2020-01-24 19:00:00,77.53999999999999,19,24,1
2020-01-24 20:00:00,100.86999999999999,20,24,1
2020-01-24 21:00:00,248.1,21,24,1
2020-01-24 22:00:00,110.8,22,24,1
2020-01-24 23:00:00,68.02,23,24,1
2020-01-25 00:00:00,69.11999999999999,0,25,1
2020-01-25 01:00:00,68.46,1,25,1
2020-01-25 02:00:00,68.25,2,25,1
2020-01-25 03:00:00,68.02,3,25,1
2020-01-25 04:00:00,67.91,4,25,1
2020-01-25 05:00:00,68.58,5,25,1
2020-01-25 06:00:00,72.21,6,25,1
2020-01-25 07:00:00,68.58999999999999,7,25,1
2020-01-25 08:00:00,68.58,8,25,1
2020-01-25 09:00:00,78.88,9,25,1
2020-01-25 10:00:00,86.16,10,25,1
2020-01-25 11:00:00,105.5,11,25,1
2020-01-25 12:00:00,67.8,12,25,1
2020-01-25 13:00:00,80.02,13,25,1
2020-01-25 14:00:00,371.43,14,25,1
2020-01-25 15:00:00,199.81,15,25,1
2020-01-25 16:00:00,102.95,16,25,1
2020-01-25 17:00:00,84.12,17,25,1
2020-01-25 18:00:00,87.66,18,25,1
2020-01-25 19:00:00,109.35,19,25,1
2020-01-25 20:00:00,106.05,20,25,1
2020-01-25 21:00:00,69.94999999999999,21,25,1
2020-01-25 22:00:00,70.19,22,25,1
2020-01-25 23:00:00,68.89999999999999,23,25,1
2020-01-26 00:00:00,68.47999999999999,0,26,1
2020-01-26 01:00:00,68.69999999999999,1,26,1
2020-01-26 02:00:00,68.58999999999999,2,26,1
2020-01-26 03:00:00,73.00999999999999,3,26,1
2020-01-26 04:00:00,68.80999999999999,4,26,1
2020-01-26 05:00:00,68.67999999999999,5,26,1
2020-01-26 06:00:00,68.13,6,26,1
2020-01-26 07:00:00,70.39,7,26,1
2020-01-26 08:00:00,98.14999999999999,8,26,1
2020-01-26 09:00:00,67.91,9,26,1
2020-01-26 10:00:00,287.47,10,26,1
2020-01-26 11:00:00,78.75,11,26,1
2020-01-26 12:00:00,90.39999999999999,12,26,1
2020-01-26 13:00:00,110.78999999999999,13,26,1
2020-01-26 14:00:00,84.03,14,26,1
2020-01-26 15:00:00,223.04999999999998,15,26,1
2020-01-26 16:00:00,366.53,16,26,1
2020-01-26 17:00:00,291.75,17,26,1
2020-01-26 18:00:00,98.1,18,26,1
2020-01-26 19:00:00,83.88,19,26,1
2020-01-26 20:00:00,74.58999999999999,20,26,1
2020-01-26 21:00:00,124.14,21,26,1
2020-01-26 22:00:00,70.50999999999999,22,26,1
2020-01-26 23:00:00,70.16999999999999,23,26,1
2020-01-27 00:00:00,68.24,0,27,1
2020-01-27 01:00:00,68.67999999999999,1,27,1
2020-01-27 02:00:00,67.91,2,27,1
2020-01-27 03:00:00,67.91,3,27,1
2020-01-27 04:00:00,68.35,4,27,1
2020-01-27 05:00:00,69.83,5,27,1
2020-01-27 06:00:00,71.30999999999999,6,27,1
2020-01-27 07:00:00,249.42,7,27,1
2020-01-27 08:00:00,96.81,8,27,1
2020-01-27 09:00:00,94.49,9,27,1
2020-01-27 10:00:00,90.50999999999999,10,27,1
2020-01-27 11:00:00,124.4,11,27,1
2020-01-27 12:00:00,101.32,12,27,1
2020-01-27 13:00:00,84.64,13,27,1
2020-01-27 14:00:00,105.74,14,27,1
2020-01-27 15:00:00,300.87,15,27,1
2020-01-27 16:00:00,156.12,16,27,1
2020-01-27 17:00:00,125.34,17,27,1
2020-01-27 18:00:00,94.42,18,27,1
2020-01-27 19:00:00,76.52,19,27,1
2020-01-27 20:00:00,113.64999999999999,20,27,1
2020-01-27 21:00:00,92.46,21,27,1
2020-01-27 22:00:00,72.78999999999999,22,27,1
2020-01-27 23:00:00,69.61,23,27,1
2020-01-28 00:00:00,72.53,0,28,1
2020-01-28 01:00:00,71.97,1,28,1
2020-01-28 02:00:00,68.02,2,28,1
2020-01-28 03:00:00,67.91,3,28,1
2020-01-28 04:00:00,71.86,4,28,1
2020-01-28 05:00:00,68.36,5,28,1
2020-01-28 06:00:00,74.71,6,28,1
2020-01-28 07:00:00,67.8,7,28,1
2020-01-28 08:00:00,67.8,8,28,1
2020-01-28 09:00:00,105.58,9,28,1
2020-01-28 10:00:00,207.52,10,28,1
2020-01-28 11:00:00,140.27,11,28,1
2020-01-28 12:00:00,105.61,12,28,1
2020-01-28 13:00:00,126.54,13,28,1
2020-01-28 14:00:00,115.76,14,28,1
2020-01-28 15:00:00,517.82,15,28,1
2020-01-28 16:00:00,499.59,16,28,1
2020-01-28 17:00:00,108.42,17,28,1
2020-01-28 18:00:00,313.38,18,28,1
2020-01-28 19:00:00,95.88,19,28,1
2020-01-28 20:00:00,109.68,20,28,1
2020-01-28 21:00:00,71.0,21,28,1
2020-01-28 22:00:00,75.22,22,28,1
2020-01-28 23:00:00,77.11999999999999,23,28,1
2020-01-29 00:00:00,71.33999999999999,0,29,1
2020-01-29 01:00:00,67.8,1,29,1
2020-01-29 02:00:00,67.8,2,29,1
2020-01-29 03:00:00,67.8,3,29,1
2020-01-29 04:00:00,67.8,4,29,1
2020-01-29 05:00:00,67.8,5,29,1
2020-01-29 06:00:00,67.8,6,29,1
2020-01-29 07:00:00,67.8,7,29,1
2020-01-29 08:00:00,67.8,8,29,1
2020-01-29 09:00:00,67.8,9,29,1
2020-01-29 10:00:00,67.8,10,29,1
2020-01-29 11:00:00,67.8,11,29,1
2020-01-29 12:00:00,67.8,12,29,1
2020-01-29 13:00:00,67.8,13,29,1
2020-01-29 14:00:00,67.8,14,29,1
2020-01-29 15:00:00,203.6,15,29,1
2020-01-29 16:00:00,147.91,16,29,1
2020-01-29 17:00:00,140.32,17,29,1
2020-01-29 18:00:00,254.0,18,29,1
2020-01-29 19:00:00,109.65,19,29,1
2020-01-29 20:00:00,72.02,20,29,1
2020-01-29 21:00:00,70.77,21,29,1
2020-01-29 22:00:00,72.92999999999999,22,29,1
2020-01-29 23:00:00,70.97999999999999,23,29,1
2020-01-30 00:00:00,68.36999999999999,0,30,1
2020-01-30 01:00:00,67.8,1,30,1
2020-01-30 02:00:00,67.8,2,30,1
2020-01-30 03:00:00,67.8,3,30,1
2020-01-30 04:00:00,67.8,4,30,1
2020-01-30 05:00:00,67.8,5,30,1
2020-01-30 06:00:00,67.8,6,30,1
2020-01-30 07:00:00,67.8,7,30,1
2020-01-30 08:00:00,67.8,8,30,1
2020-01-30 09:00:00,67.8,9,30,1
2020-01-30 10:00:00,67.8,10,30,1
2020-01-30 11:00:00,67.8,11,30,1
2020-01-30 12:00:00,242.74,12,30,1
2020-01-30 13:00:00,118.14999999999999,13,30,1
2020-01-30 14:00:00,68.47,14,30,1
2020-01-30 15:00:00,78.75999999999999,15,30,1
2020-01-30 16:00:00,85.2,16,30,1
2020-01-30 17:00:00,88.17,17,30,1
2020-01-30 18:00:00,145.45,18,30,1
2020-01-30 19:00:00,273.55,19,30,1
2020-01-30 20:00:00,74.53999999999999,20,30,1
2020-01-30 21:00:00,302.15,21,30,1
2020-01-30 22:00:00,216.59,22,30,1
2020-01-30 23:00:00,67.8,23,30,1
2020-01-31 00:00:00,67.8,0,31,1
2020-01-31 01:00:00,67.8,1,31,1
2020-01-31 02:00:00,67.8,2,31,1
2020-01-31 03:00:00,67.8,3,31,1
2020-01-31 04:00:00,67.8,4,31,1
2020-01-31 05:00:00,67.8,5,31,1
2020-01-31 06:00:00,67.8,6,31,1
2020-01-31 07:00:00,67.8,7,31,1
2020-01-31 08:00:00,131.55,8,31,1
2020-01-31 09:00:00,280.34,9,31,1
2020-01-31 10:00:00,180.23,10,31,1
2020-01-31 11:00:00,200.71,11,31,1
2020-01-31 12:00:00,114.43,12,31,1
2020-01-31 13:00:00,292.87,13,31,1
2020-01-31 14:00:00,76.72999999999999,14,31,1
2020-01-31 15:00:00,82.64,15,31,1
2020-01-31 16:00:00,79.56,16,31,1
2020-01-31 17:00:00,74.11999999999999,17,31,1
2020-01-31 18:00:00,97.86,18,31,1
2020-01-31 19:00:00,79.82,19,31,1
2020-01-31 20:00:00,94.61999999999999,20,31,1
2020-01-31 21:00:00,68.58999999999999,21,31,1
2020-01-31 22:00:00,68.24,22,31,1
2020-01-31 23:00:00,68.24,23,31,1
2020-02-01 00:00:00,67.8,0,1,2
2020-02-01 01:00:00,67.8,1,1,2
2020-02-01 02:00:00,67.8,2,1,2
2020-02-01 03:00:00,67.8,3,1,2
2020-02-01 04:00:00,67.8,4,1,2
2020-02-01 05:00:00,67.8,5,1,2
2020-02-01 06:00:00,67.8,6,1,2
2020-02-01 07:00:00,67.8,7,1,2
2020-02-01 08:00:00,67.8,8,1,2
2020-02-01 09:00:00,67.8,9,1,2
2020-02-01 10:00:00,67.8,10,1,2
2020-02-01 11:00:00,69.61,11,1,2
2020-02-01 12:00:00,67.8,12,1,2
2020-02-01 13:00:00,184.48,13,1,2
2020-02-01 14:00:00,406.06,14,1,2
2020-02-01 15:00:00,238.61,15,1,2
2020-02-01 16:00:00,74.67999999999999,16,1,2
2020-02-01 17:00:00,82.88,17,1,2
2020-02-01 18:00:00,83.98,18,1,2
2020-02-01 19:00:00,99.2,19,1,2
2020-02-01 20:00:00,100.37,20,1,2
2020-02-01 21:00:00,69.25999999999999,21,1,2
2020-02-01 22:00:00,75.28,22,1,2
2020-02-01 23:00:00,74.58999999999999,23,1,2
2020-02-02 00:00:00,70.16999999999999,0,2,2
2020-02-02 01:00:00,72.32,1,2,2
2020-02-02 02:00:00,68.78999999999999,2,2,2
2020-02-02 03:00:00,68.46,3,2,2
2020-02-02 04:00:00,68.46,4,2,2
2020-02-02 05:00:00,69.94,5,2,2
2020-02-02 06:00:00,75.03,6,2,2
2020-02-02 07:00:00,69.83,7,2,2
2020-02-02 08:00:00,82.63,8,2,2
2020-02-02 09:00:00,81.41,9,2,2
2020-02-02 10:00:00,67.8,10,2,2
2020-02-02 11:00:00,70.28999999999999,11,2,2
2020-02-02 12:00:00,82.92999999999999,12,2,2
2020-02-02 13:00:00,96.78,13,2,2
2020-02-02 14:00:00,70.05999999999999,14,2,2
2020-02-02 15:00:00,68.25,15,2,2
2020-02-02 16:00:00,281.12,16,2,2
2020-02-02 17:00:00,71.75,17,2,2
2020-02-02 18:00:00,83.53,18,2,2
2020-02-02 19:00:00,89.39999999999999,19,2,2
2020-02-02 20:00:00,70.27,20,2,2
2020-02-02 21:00:00,88.63,21,2,2
2020-02-02 22:00:00,68.13,22,2,2
2020-02-02 23:00:00,72.19999999999999,23,2,2
2020-02-03 00:00:00,70.05999999999999,0,3,2
2020-02-03 01:00:00,68.13,1,3,2
2020-02-03 02:00:00,68.13,2,3,2
2020-02-03 03:00:00,68.24,3,3,2
2020-02-03 04:00:00,67.91,4,3,2
2020-02-03 05:00:00,68.46,5,3,2
2020-02-03 06:00:00,74.13,6,3,2
2020-02-03 07:00:00,73.91,7,3,2
2020-02-03 08:00:00,146.94,8,3,2
2020-02-03 09:00:00,210.92,9,3,2
2020-02-03 10:00:00,83.03,10,3,2
2020-02-03 11:00:00,115.5,11,3,2
2020-02-03 12:00:00,107.02,12,3,2
2020-02-03 13:00:00,204.41,13,3,2
2020-02-03 14:00:00,94.11,14,3,2
2020-02-03 15:00:00,90.69,15,3,2
2020-02-03 16:00:00,76.2,16,3,2
2020-02-03 17:00:00,214.79,17,3,2
2020-02-03 18:00:00,174.2,18,3,2
2020-02-03 19:00:00,70.72,19,3,2
2020-02-03 20:00:00,107.86999999999999,20,3,2
2020-02-03 21:00:00,68.46,21,3,2
2020-02-03 22:00:00,69.27,22,3,2
2020-02-03 23:00:00,68.02,23,3,2
2020-02-04 00:00:00,67.8,0,4,2
2020-02-04 01:00:00,67.8,1,4,2
2020-02-04 02:00:00,67.8,2,4,2
2020-02-04 03:00:00,67.8,3,4,2
2020-02-04 04:00:00,67.8,4,4,2
2020-02-04 05:00:00,67.8,5,4,2
2020-02-04 06:00:00,67.91,6,4,2
2020-02-04 07:00:00,94.08,7,4,2
2020-02-04 08:00:00,243.83,8,4,2
2020-02-04 09:00:00,94.93,9,4,2
2020-02-04 10:00:00,113.85,10,4,2
2020-02-04 11:00:00,127.29,11,4,2
2020-02-04 12:00:00,97.14,12,4,2
2020-02-04 13:00:00,93.02,13,4,2
2020-02-04 14:00:00,95.4,14,4,2
2020-02-04 15:00:00,477.52,15,4,2
2020-02-04 16:00:00,410.69,16,4,2
2020-02-04 17:00:00,117.09,17,4,2
2020-02-04 18:00:00,85.22,18,4,2
2020-02-04 19:00:00,96.56,19,4,2
2020-02-04 20:00:00,283.63,20,4,2
2020-02-04 21:00:00,128.29,21,4,2
2020-02-04 22:00:00,69.72999999999999,22,4,2
2020-02-04 23:00:00,68.02,23,4,2
2020-02-05 00:00:00,72.97999999999999,0,5,2
2020-02-05 01:00:00,67.91,1,5,2
2020-02-05 02:00:00,67.8,2,5,2
2020-02-05 03:00:00,67.8,3,5,2
2020-02-05 04:00:00,299.25,4,5,2
2020-02-05 05:00:00,174.32,5,5,2
2020-02-05 06:00:00,70.31,6,5,2
2020-02-05 07:00:00,180.64,7,5,2
2020-02-05 08:00:00,91.2,8,5,2
2020-02-05 09:00:00,69.24,9,5,2
2020-02-05 10:00:00,150.17,10,5,2
2020-02-05 11:00:00,297.17,11,5,2
2020-02-05 12:00:00,228.74,12,5,2
2020-02-05 13:00:00,113.85,13,5,2
2020-02-05 14:00:00,151.95,14,5,2
2020-02-05 15:00:00,85.89999999999999,15,5,2
2020-02-05 16:00:00,98.76,16,5,2
2020-02-05 17:00:00,153.68,17,5,2
2020-02-05 18:00:00,67.91,18,5,2
2020-02-05 19:00:00,87.13,19,5,2
2020-02-05 20:00:00,94.97,20,5,2
2020-02-05 21:00:00,99.39,21,5,2
2020-02-05 22:00:00,68.36,22,5,2
2020-02-05 23:00:00,68.02,23,5,2
2020-02-06 00:00:00,73.1,0,6,2
2020-02-06 01:00:00,68.13,1,6,2
2020-02-06 02:00:00,69.39,2,6,2
2020-02-06 03:00:00,68.13,3,6,2
2020-02-06 04:00:00,69.14999999999999,4,6,2
2020-02-06 05:00:00,73.44,5,6,2
2020-02-06 06:00:00,71.75,6,6,2
2020-02-06 07:00:00,92.69,7,6,2
2020-02-06 08:00:00,554.28,8,6,2
2020-02-06 09:00:00,280.2,9,6,2
2020-02-06 10:00:00,115.64,10,6,2
2020-02-06 11:00:00,135.81,11,6,2
2020-02-06 12:00:00,80.96000000000001,12,6,2
2020-02-06 13:00:00,106.57000000000001,13,6,2
2020-02-06 14:00:00,97.37,14,6,2
2020-02-06 15:00:00,82.54,15,6,2
2020-02-06 16:00:00,90.06,16,6,2
2020-02-06 17:00:00,73.27,17,6,2
2020-02-06 18:00:00,94.7,18,6,2
2020-02-06 19:00:00,167.25,19,6,2
2020-02-06 20:00:00,94.56,20,6,2
2020-02-06 21:00:00,84.6,21,6,2
2020-02-06 22:00:00,184.99,22,6,2
2020-02-06 23:00:00,70.52,23,6,2
2020-02-07 00:00:00,68.35,0,7,2
2020-02-07 01:00:00,67.91,1,7,2
2020-02-07 02:00:00,68.24,2,7,2
2020-02-07 03:00:00,68.24,3,7,2
2020-02-07 04:00:00,68.78999999999999,4,7,2
2020-02-07 05:00:00,68.02,5,7,2
2020-02-07 06:00:00,70.50999999999999,6,7,2
2020-02-07 07:00:00,142.97,7,7,2
2020-02-07 08:00:00,77.74,8,7,2
2020-02-07 09:00:00,78.48,9,7,2
2020-02-07 10:00:00,87.48,10,7,2
2020-02-07 11:00:00,71.86999999999999,11,7,2
2020-02-07 12:00:00,86.47,12,7,2
2020-02-07 13:00:00,124.19,13,7,2
2020-02-07 14:00:00,127.12,14,7,2
2020-02-07 15:00:00,102.10000000000001,15,7,2
2020-02-07 16:00:00,96.99,16,7,2
2020-02-07 17:00:00,178.93,17,7,2
2020-02-07 18:00:00,78.83,18,7,2
2020-02-07 19:00:00,171.08,19,7,2
2020-02-07 20:00:00,209.19,20,7,2
2020-02-07 21:00:00,142.36,21,7,2
2020-02-07 22:00:00,143.2,22,7,2
2020-02-07 23:00:00,67.91,23,7,2
2020-02-08 00:00:00,68.02,0,8,2
2020-02-08 01:00:00,69.72999999999999,1,8,2
2020-02-08 02:00:00,69.27,2,8,2
2020-02-08 03:00:00,67.91,3,8,2
2020-02-08 04:00:00,68.13,4,8,2
2020-02-08 05:00:00,68.58,5,8,2
2020-02-08 06:00:00,72.88,6,8,2
2020-02-08 07:00:00,71.19999999999999,7,8,2
2020-02-08 08:00:00,463.61,8,8,2
2020-02-08 09:00:00,488.84,9,8,2
2020-02-08 10:00:00,67.8,10,8,2
2020-02-08 11:00:00,144.54,11,8,2
2020-02-08 12:00:00,332.26,12,8,2
2020-02-08 13:00:00,154.92000000000002,13,8,2
2020-02-08 14:00:00,260.68,14,8,2
2020-02-08 15:00:00,302.52,15,8,2
2020-02-08 16:00:00,173.16,16,8,2
2020-02-08 17:00:00,169.98,17,8,2
2020-02-08 18:00:00,263.01,18,8,2
2020-02-08 19:00:00,190.76,19,8,2
2020-02-08 20:00:00,91.0,20,8,2
2020-02-08 21:00:00,68.13,21,8,2
2020-02-08 22:00:00,97.55,22,8,2
2020-02-08 23:00:00,67.91,23,8,2
2020-02-09 00:00:00,68.02,0,9,2
2020-02-09 01:00:00,68.02,1,9,2
2020-02-09 02:00:00,67.8,2,9,2
2020-02-09 03:00:00,69.61,3,9,2
2020-02-09 04:00:00,68.14,4,9,2
2020-02-09 05:00:00,70.28,5,9,2
2020-02-09 06:00:00,70.74,6,9,2
2020-02-09 07:00:00,72.57,7,9,2
2020-02-09 08:00:00,83.42,8,9,2
2020-02-09 09:00:00,97.47,9,9,2
2020-02-09 10:00:00,113.6,10,9,2
2020-02-09 11:00:00,236.33,11,9,2
2020-02-09 12:00:00,283.75,12,9,2
2020-02-09 13:00:00,108.91,13,9,2
2020-02-09 14:00:00,258.89,14,9,2
2020-02-09 15:00:00,124.85000000000001,15,9,2
2020-02-09 16:00:00,171.67000000000002,16,9,2
2020-02-09 17:00:00,269.4,17,9,2
2020-02-09 18:00:00,152.22,18,9,2
2020-02-09 19:00:00,103.37,19,9,2
2020-02-09 20:00:00,115.56,20,9,2
2020-02-09 21:00:00,74.17,21,9,2
2020-02-09 22:00:00,91.61,22,9,2
2020-02-09 23:00:00,69.00999999999999,23,9,2
2020-02-10 00:00:00,133.85999999999999,0,10,2
2020-02-10 01:00:00,232.66,1,10,2
2020-02-10 02:00:00,104.46,2,10,2
2020-02-10 03:00:00,67.8,3,10,2
2020-02-10 04:00:00,68.13,4,10,2
2020-02-10 05:00:00,72.42999999999999,5,10,2
2020-02-10 06:00:00,67.8,6,10,2
2020-02-10 07:00:00,67.8,7,10,2
2020-02-10 08:00:00,177.35,8,10,2
2020-02-10 09:00:00,181.86,9,10,2
2020-02-10 10:00:00,123.63,10,10,2
2020-02-10 11:00:00,132.93,11,10,2
2020-02-10 12:00:00,98.17,12,10,2
2020-02-10 13:00:00,233.8,13,10,2
2020-02-10 14:00:00,72.89,14,10,2
2020-02-10 15:00:00,68.02,15,10,2
2020-02-10 16:00:00,71.64,16,10,2
2020-02-10 17:00:00,70.39,17,10,2
2020-02-10 18:00:00,83.19,18,10,2
2020-02-10 19:00:00,73.56,19,10,2
2020-02-10 20:00:00,70.38,20,10,2
2020-02-10 21:00:00,72.08999999999999,21,10,2
2020-02-10 22:00:00,86.46,22,10,2
2020-02-10 23:00:00,67.91,23,10,2
