datetime,distance,hour,day,month
2019-11-07 18:00:00,1180,18,7,11
2019-11-07 19:00:00,564310,19,7,11
2019-11-07 20:00:00,207880,20,7,11
2019-11-07 21:00:00,26900,21,7,11
2019-11-07 22:00:00,1400,22,7,11
2019-11-07 23:00:00,4580,23,7,11
2019-11-08 00:00:00,360,0,8,11
2019-11-08 01:00:00,0,1,8,11
2019-11-08 02:00:00,730,2,8,11
2019-11-08 03:00:00,0,3,8,11
2019-11-08 04:00:00,0,4,8,11
2019-11-08 05:00:00,0,5,8,11
2019-11-08 06:00:00,580,6,8,11
2019-11-08 07:00:00,120670,7,8,11
2019-11-08 08:00:00,95100,8,8,11
2019-11-08 09:00:00,21500,9,8,11
2019-11-08 10:00:00,18800,10,8,11
2019-11-08 11:00:00,26900,11,8,11
2019-11-08 12:00:00,38880,12,8,11
2019-11-08 13:00:00,18220,13,8,11
2019-11-08 14:00:00,16940,14,8,11
2019-11-08 15:00:00,8700,15,8,11
2019-11-08 16:00:00,81330,16,8,11
2019-11-08 17:00:00,79330,17,8,11
2019-11-08 18:00:00,13950,18,8,11
2019-11-08 19:00:00,17790,19,8,11
2019-11-08 20:00:00,15750,20,8,11
2019-11-08 21:00:00,54520,21,8,11
2019-11-08 22:00:00,52050,22,8,11
2019-11-08 23:00:00,37130,23,8,11
2019-11-09 00:00:00,9240,0,9,11
2019-11-09 01:00:00,4930,1,9,11
2019-11-09 02:00:00,1840,2,9,11
2019-11-09 03:00:00,0,3,9,11
2019-11-09 04:00:00,0,4,9,11
2019-11-09 05:00:00,0,5,9,11
2019-11-09 06:00:00,0,6,9,11
2019-11-09 07:00:00,2060,7,9,11
2019-11-09 08:00:00,0,8,9,11
2019-11-09 09:00:00,0,9,9,11
2019-11-09 10:00:00,15240,10,9,11
2019-11-09 11:00:00,18050,11,9,11
2019-11-09 12:00:00,18860,12,9,11
2019-11-09 13:00:00,340460,13,9,11
2019-11-09 14:00:00,13660,14,9,11
2019-11-09 15:00:00,188390,15,9,11
2019-11-09 16:00:00,45300,16,9,11
2019-11-09 17:00:00,48800,17,9,11
2019-11-09 18:00:00,117820,18,9,11
2019-11-09 19:00:00,1540,19,9,11
2019-11-09 20:00:00,4420,20,9,11
2019-11-09 21:00:00,20180,21,9,11
2019-11-09 22:00:00,138260,22,9,11
2019-11-09 23:00:00,28130,23,9,11
2019-11-10 00:00:00,4180,0,10,11
2019-11-10 01:00:00,3600,1,10,11
2019-11-10 02:00:00,290,2,10,11
2019-11-10 03:00:00,1540,3,10,11
2019-11-10 04:00:00,440,4,10,11
2019-11-10 05:00:00,590,5,10,11
2019-11-10 06:00:00,0,6,10,11
2019-11-10 07:00:00,0,7,10,11
2019-11-10 08:00:00,1890,8,10,11
2019-11-10 09:00:00,16360,9,10,11
2019-11-10 10:00:00,12290,10,10,11
2019-11-10 11:00:00,0,11,10,11
2019-11-10 12:00:00,9360,12,10,11
2019-11-10 13:00:00,543060,13,10,11
2019-11-10 14:00:00,106300,14,10,11
2019-11-10 15:00:00,96370,15,10,11
2019-11-10 16:00:00,38510,16,10,11
2019-11-10 17:00:00,24770,17,10,11
2019-11-10 18:00:00,10960,18,10,11
2019-11-10 19:00:00,244760,19,10,11
2019-11-10 20:00:00,125740,20,10,11
2019-11-10 21:00:00,34480,21,10,11
2019-11-10 22:00:00,1540,22,10,11
2019-11-10 23:00:00,4850,23,10,11
2019-11-11 00:00:00,1760,0,11,11
2019-11-11 01:00:00,290,1,11,11
2019-11-11 02:00:00,0,2,11,11
2019-11-11 03:00:00,590,3,11,11
2019-11-11 04:00:00,290,4,11,11
2019-11-11 05:00:00,660,5,11,11
2019-11-11 06:00:00,6320,6,11,11
2019-11-11 07:00:00,42220,7,11,11
2019-11-11 08:00:00,64950,8,11,11
2019-11-11 09:00:00,45900,9,11,11
2019-11-11 10:00:00,37770,10,11,11
2019-11-11 11:00:00,0,11,11,11
2019-11-11 12:00:00,12230,12,11,11
2019-11-11 13:00:00,37980,13,11,11
2019-11-11 14:00:00,99510,14,11,11
2019-11-11 15:00:00,108410,15,11,11
2019-11-11 16:00:00,137070,16,11,11
2019-11-11 17:00:00,171040,17,11,11
2019-11-11 18:00:00,101870,18,11,11
2019-11-11 19:00:00,28230,19,11,11
2019-11-11 20:00:00,31460,20,11,11
2019-11-11 21:00:00,13560,21,11,11
2019-11-11 22:00:00,4490,22,11,11
2019-11-11 23:00:00,13720,23,11,11
2019-11-12 00:00:00,3160,0,12,11
2019-11-12 01:00:00,0,1,12,11
2019-11-12 02:00:00,1100,2,12,11
2019-11-12 03:00:00,0,3,12,11
2019-11-12 04:00:00,290,4,12,11
2019-11-12 05:00:00,440,5,12,11
2019-11-12 06:00:00,0,6,12,11
2019-11-12 07:00:00,13780,7,12,11
2019-11-12 08:00:00,2790,8,12,11
2019-11-12 09:00:00,14140,9,12,11
2019-11-12 10:00:00,6260,10,12,11
2019-11-12 11:00:00,137870,11,12,11
2019-11-12 12:00:00,55700,12,12,11
2019-11-12 13:00:00,19750,13,12,11
2019-11-12 14:00:00,78440,14,12,11
2019-11-12 15:00:00,74650,15,12,11
2019-11-12 16:00:00,66380,16,12,11
2019-11-12 17:00:00,218950,17,12,11
2019-11-12 18:00:00,91790,18,12,11
2019-11-12 19:00:00,51860,19,12,11
2019-11-12 20:00:00,31040,20,12,11
2019-11-12 21:00:00,5820,21,12,11
2019-11-12 22:00:00,18340,22,12,11
2019-11-12 23:00:00,730,23,12,11
2019-11-13 00:00:00,2200,0,13,11
2019-11-13 01:00:00,0,1,13,11
2019-11-13 02:00:00,1610,2,13,11
2019-11-13 03:00:00,0,3,13,11
2019-11-13 04:00:00,0,4,13,11
2019-11-13 05:00:00,0,5,13,11
2019-11-13 06:00:00,28100,6,13,11
2019-11-13 07:00:00,167630,7,13,11
2019-11-13 08:00:00,8530,8,13,11
2019-11-13 09:00:00,20430,9,13,11
2019-11-13 10:00:00,40790,10,13,11
2019-11-13 11:00:00,47020,11,13,11
2019-11-13 12:00:00,44850,12,13,11
2019-11-13 13:00:00,55990,13,13,11
2019-11-13 14:00:00,10730,14,13,11
2019-11-13 15:00:00,11110,15,13,11
2019-11-13 16:00:00,63450,16,13,11
2019-11-13 17:00:00,97620,17,13,11
2019-11-13 18:00:00,35460,18,13,11
2019-11-13 19:00:00,3520,19,13,11
2019-11-13 20:00:00,2640,20,13,11
2019-11-13 21:00:00,123370,21,13,11
2019-11-13 22:00:00,75340,22,13,11
2019-11-13 23:00:00,18040,23,13,11
2019-11-14 00:00:00,1540,0,14,11
2019-11-14 01:00:00,0,1,14,11
2019-11-14 02:00:00,0,2,14,11
2019-11-14 03:00:00,0,3,14,11
2019-11-14 04:00:00,0,4,14,11
2019-11-14 05:00:00,0,5,14,11
2019-11-14 06:00:00,1690,6,14,11
2019-11-14 07:00:00,8320,7,14,11
2019-11-14 08:00:00,16700,8,14,11
2019-11-14 09:00:00,950,9,14,11
2019-11-14 10:00:00,12810,10,14,11
2019-11-14 11:00:00,26830,11,14,11
2019-11-14 12:00:00,20860,12,14,11
2019-11-14 13:00:00,3450,13,14,11
2019-11-14 14:00:00,8690,14,14,11
2019-11-14 15:00:00,2350,15,14,11
2019-11-14 16:00:00,23130,16,14,11
2019-11-14 17:00:00,115010,17,14,11
2019-11-14 18:00:00,91870,18,14,11
2019-11-14 19:00:00,1320,19,14,11
2019-11-14 20:00:00,24470,20,14,11
2019-11-14 21:00:00,68860,21,14,11
2019-11-14 22:00:00,1760,22,14,11
2019-11-14 23:00:00,22150,23,14,11
2019-11-15 00:00:00,3610,0,15,11
2019-11-15 01:00:00,960,1,15,11
2019-11-15 02:00:00,0,2,15,11
2019-11-15 03:00:00,0,3,15,11
2019-11-15 04:00:00,0,4,15,11
2019-11-15 05:00:00,0,5,15,11
2019-11-15 06:00:00,22700,6,15,11
2019-11-15 07:00:00,81990,7,15,11
2019-11-15 08:00:00,59930,8,15,11
2019-11-15 09:00:00,79380,9,15,11
2019-11-15 10:00:00,37110,10,15,11
2019-11-15 11:00:00,24500,11,15,11
2019-11-15 12:00:00,0,12,15,11
2019-11-15 13:00:00,11940,13,15,11
2019-11-15 14:00:00,3380,14,15,11
2019-11-15 15:00:00,7880,15,15,11
2019-11-15 16:00:00,170140,16,15,11
2019-11-15 17:00:00,16160,17,15,11
2019-11-15 18:00:00,120500,18,15,11
2019-11-15 19:00:00,89150,19,15,11
2019-11-15 20:00:00,3080,20,15,11
2019-11-15 21:00:00,6030,21,15,11
2019-11-15 22:00:00,18630,22,15,11
2019-11-15 23:00:00,510,23,15,11
2019-11-16 00:00:00,0,0,16,11
2019-11-16 01:00:00,730,1,16,11
2019-11-16 02:00:00,440,2,16,11
2019-11-16 03:00:00,1390,3,16,11
2019-11-16 04:00:00,360,4,16,11
2019-11-16 05:00:00,0,5,16,11
2019-11-16 06:00:00,0,6,16,11
2019-11-16 07:00:00,0,7,16,11
2019-11-16 08:00:00,3230,8,16,11
2019-11-16 09:00:00,3820,9,16,11
2019-11-16 10:00:00,7210,10,16,11
2019-11-16 11:00:00,132050,11,16,11
2019-11-16 12:00:00,117320,12,16,11
2019-11-16 13:00:00,198230,13,16,11
2019-11-16 14:00:00,271440,14,16,11
2019-11-16 15:00:00,125130,15,16,11
2019-11-16 16:00:00,102470,16,16,11
2019-11-16 17:00:00,67530,17,16,11
2019-11-16 18:00:00,32480,18,16,11
2019-11-16 19:00:00,47750,19,16,11
2019-11-16 20:00:00,20180,20,16,11
2019-11-16 21:00:00,19520,21,16,11
2019-11-16 22:00:00,10020,22,16,11
2019-11-16 23:00:00,26060,23,16,11
2019-11-17 00:00:00,1910,0,17,11
2019-11-17 01:00:00,0,1,17,11
2019-11-17 02:00:00,0,2,17,11
2019-11-17 03:00:00,0,3,17,11
2019-11-17 04:00:00,0,4,17,11
2019-11-17 05:00:00,0,5,17,11
2019-11-17 06:00:00,0,6,17,11
2019-11-17 07:00:00,1160,7,17,11
2019-11-17 08:00:00,27690,8,17,11
2019-11-17 09:00:00,72440,9,17,11
2019-11-17 10:00:00,52920,10,17,11
2019-11-17 11:00:00,24180,11,17,11
2019-11-17 12:00:00,22770,12,17,11
2019-11-17 13:00:00,28840,13,17,11
2019-11-17 14:00:00,39730,14,17,11
2019-11-17 15:00:00,33610,15,17,11
2019-11-17 16:00:00,15460,16,17,11
2019-11-17 17:00:00,42170,17,17,11
2019-11-17 18:00:00,11480,18,17,11
2019-11-17 19:00:00,290,19,17,11
2019-11-17 20:00:00,142180,20,17,11
2019-11-17 21:00:00,13410,21,17,11
2019-11-17 22:00:00,22330,22,17,11
2019-11-17 23:00:00,3380,23,17,11
2019-11-18 00:00:00,0,0,18,11
2019-11-18 01:00:00,0,1,18,11
2019-11-18 02:00:00,0,2,18,11
2019-11-18 03:00:00,0,3,18,11
2019-11-18 04:00:00,0,4,18,11
2019-11-18 05:00:00,440,5,18,11
2019-11-18 06:00:00,59360,6,18,11
2019-11-18 07:00:00,38220,7,18,11
2019-11-18 08:00:00,25410,8,18,11
2019-11-18 09:00:00,7850,9,18,11
2019-11-18 10:00:00,28010,10,18,11
2019-11-18 11:00:00,18280,11,18,11
2019-11-18 12:00:00,7060,12,18,11
2019-11-18 13:00:00,28040,13,18,11
2019-11-18 14:00:00,97770,14,18,11
2019-11-18 15:00:00,28790,15,18,11
2019-11-18 16:00:00,43140,16,18,11
2019-11-18 17:00:00,181470,17,18,11
2019-11-18 18:00:00,47200,18,18,11
2019-11-18 19:00:00,35140,19,18,11
2019-11-18 20:00:00,48700,20,18,11
2019-11-18 21:00:00,1750,21,18,11
2019-11-18 22:00:00,1680,22,18,11
2019-11-18 23:00:00,0,23,18,11
2019-11-19 00:00:00,0,0,19,11
2019-11-19 01:00:00,0,1,19,11
2019-11-19 02:00:00,0,2,19,11
2019-11-19 03:00:00,0,3,19,11
2019-11-19 04:00:00,0,4,19,11
2019-11-19 05:00:00,440,5,19,11
2019-11-19 06:00:00,10160,6,19,11
2019-11-19 07:00:00,171060,7,19,11
2019-11-19 08:00:00,29850,8,19,11
2019-11-19 09:00:00,9630,9,19,11
2019-11-19 10:00:00,5950,10,19,11
2019-11-19 11:00:00,64850,11,19,11
2019-11-19 12:00:00,66820,12,19,11
2019-11-19 13:00:00,126350,13,19,11
2019-11-19 14:00:00,56490,14,19,11
2019-11-19 15:00:00,1100,15,19,11
2019-11-19 16:00:00,10610,16,19,11
2019-11-19 17:00:00,128000,17,19,11
2019-11-19 18:00:00,107550,18,19,11
2019-11-19 19:00:00,20880,19,19,11
2019-11-19 20:00:00,42100,20,19,11
2019-11-19 21:00:00,3220,21,19,11
2019-11-19 22:00:00,24820,22,19,11
2019-11-19 23:00:00,810,23,19,11
2019-11-20 00:00:00,0,0,20,11
2019-11-20 01:00:00,0,1,20,11
2019-11-20 02:00:00,1390,2,20,11
2019-11-20 03:00:00,1320,3,20,11
2019-11-20 04:00:00,0,4,20,11
2019-11-20 05:00:00,118860,5,20,11
2019-11-20 06:00:00,68870,6,20,11
2019-11-20 07:00:00,26630,7,20,11
2019-11-20 08:00:00,111160,8,20,11
2019-11-20 09:00:00,151450,9,20,11
2019-11-20 10:00:00,112000,10,20,11
2019-11-20 11:00:00,82990,11,20,11
2019-11-20 12:00:00,48350,12,20,11
2019-11-20 13:00:00,3820,13,20,11
2019-11-20 14:00:00,17400,14,20,11
2019-11-20 15:00:00,103210,15,20,11
2019-11-20 16:00:00,17480,16,20,11
2019-11-20 17:00:00,9690,17,20,11
2019-11-20 18:00:00,16050,18,20,11
2019-11-20 19:00:00,8900,19,20,11
2019-11-20 20:00:00,116820,20,20,11
2019-11-20 21:00:00,22460,21,20,11
2019-11-20 22:00:00,2730,22,20,11
2019-11-20 23:00:00,0,23,20,11
2019-11-21 00:00:00,510,0,21,11
2019-11-21 01:00:00,0,1,21,11
2019-11-21 02:00:00,0,2,21,11
2019-11-21 03:00:00,1250,3,21,11
2019-11-21 04:00:00,0,4,21,11
2019-11-21 05:00:00,590,5,21,11
2019-11-21 06:00:00,2780,6,21,11
2019-11-21 07:00:00,73780,7,21,11
2019-11-21 08:00:00,104180,8,21,11
2019-11-21 09:00:00,13790,9,21,11
2019-11-21 10:00:00,31130,10,21,11
2019-11-21 11:00:00,12080,11,21,11
2019-11-21 12:00:00,125710,12,21,11
2019-11-21 13:00:00,108870,13,21,11
2019-11-21 14:00:00,100030,14,21,11
2019-11-21 15:00:00,2880,15,21,11
2019-11-21 16:00:00,28060,16,21,11
2019-11-21 17:00:00,69240,17,21,11
2019-11-21 18:00:00,7430,18,21,11
2019-11-21 19:00:00,6910,19,21,11
2019-11-21 20:00:00,21110,20,21,11
2019-11-21 21:00:00,31670,21,21,11
2019-11-21 22:00:00,20330,22,21,11
2019-11-21 23:00:00,290,23,21,11
2019-11-22 00:00:00,0,0,22,11
2019-11-22 01:00:00,1030,1,22,11
2019-11-22 02:00:00,0,2,22,11
2019-11-22 03:00:00,0,3,22,11
2019-11-22 04:00:00,0,4,22,11
2019-11-22 05:00:00,0,5,22,11
2019-11-22 06:00:00,133190,6,22,11
2019-11-22 07:00:00,26080,7,22,11
2019-11-22 08:00:00,6030,8,22,11
2019-11-22 09:00:00,139180,9,22,11
2019-11-22 10:00:00,169690,10,22,11
2019-11-22 11:00:00,0,11,22,11
2019-11-22 12:00:00,0,12,22,11
2019-11-22 13:00:00,11340,13,22,11
2019-11-22 14:00:00,16040,14,22,11
2019-11-22 15:00:00,75080,15,22,11
2019-11-22 16:00:00,21010,16,22,11
2019-11-22 17:00:00,153270,17,22,11
2019-11-22 18:00:00,110160,18,22,11
2019-11-22 19:00:00,13910,19,22,11
2019-11-22 20:00:00,14500,20,22,11
2019-11-22 21:00:00,12360,21,22,11
2019-11-22 22:00:00,12710,22,22,11
2019-11-22 23:00:00,19210,23,22,11
2019-11-23 00:00:00,0,0,23,11
2019-11-23 01:00:00,0,1,23,11
2019-11-23 02:00:00,660,2,23,11
2019-11-23 03:00:00,0,3,23,11
2019-11-23 04:00:00,1610,4,23,11
2019-11-23 05:00:00,0,5,23,11
2019-11-23 06:00:00,1760,6,23,11
2019-11-23 07:00:00,1180,7,23,11
2019-11-23 08:00:00,0,8,23,11
2019-11-23 09:00:00,2940,9,23,11
2019-11-23 10:00:00,79150,10,23,11
2019-11-23 11:00:00,441900,11,23,11
2019-11-23 12:00:00,7200,12,23,11
2019-11-23 13:00:00,136930,13,23,11
2019-11-23 14:00:00,182110,14,23,11
2019-11-23 15:00:00,89990,15,23,11
2019-11-23 16:00:00,61460,16,23,11
2019-11-23 17:00:00,11350,17,23,11
2019-11-23 18:00:00,135310,18,23,11
2019-11-23 19:00:00,34470,19,23,11
2019-11-23 20:00:00,7800,20,23,11
2019-11-23 21:00:00,15010,21,23,11
2019-11-23 22:00:00,23500,22,23,11
2019-11-23 23:00:00,19360,23,23,11
2019-11-24 00:00:00,1760,0,24,11
2019-11-24 01:00:00,1390,1,24,11
2019-11-24 02:00:00,0,2,24,11
2019-11-24 03:00:00,0,3,24,11
2019-11-24 04:00:00,660,4,24,11
2019-11-24 05:00:00,0,5,24,11
2019-11-24 06:00:00,290,6,24,11
2019-11-24 07:00:00,510,7,24,11
2019-11-24 08:00:00,1690,8,24,11
2019-11-24 09:00:00,0,9,24,11
2019-11-24 10:00:00,32060,10,24,11
2019-11-24 11:00:00,30380,11,24,11
2019-11-24 12:00:00,59660,12,24,11
2019-11-24 13:00:00,86610,13,24,11
2019-11-24 14:00:00,210370,14,24,11
2019-11-24 15:00:00,60560,15,24,11
2019-11-24 16:00:00,25700,16,24,11
2019-11-24 17:00:00,70740,17,24,11
2019-11-24 18:00:00,43050,18,24,11
2019-11-24 19:00:00,19660,19,24,11
2019-11-24 20:00:00,8990,20,24,11
2019-11-24 21:00:00,8710,21,24,11
2019-11-24 22:00:00,26230,22,24,11
2019-11-24 23:00:00,590,23,24,11
2019-11-25 00:00:00,660,0,25,11
2019-11-25 01:00:00,0,1,25,11
2019-11-25 02:00:00,0,2,25,11
2019-11-25 03:00:00,0,3,25,11
2019-11-25 04:00:00,0,4,25,11
2019-11-25 05:00:00,1900,5,25,11
2019-11-25 06:00:00,24460,6,25,11
2019-11-25 07:00:00,92360,7,25,11
2019-11-25 08:00:00,730,8,25,11
2019-11-25 09:00:00,17760,9,25,11
2019-11-25 10:00:00,26400,10,25,11
2019-11-25 11:00:00,6240,11,25,11
2019-11-25 12:00:00,45180,12,25,11
2019-11-25 13:00:00,38800,13,25,11
2019-11-25 14:00:00,40730,14,25,11
2019-11-25 15:00:00,6250,15,25,11
2019-11-25 16:00:00,0,16,25,11
2019-11-25 17:00:00,183490,17,25,11
2019-11-25 18:00:00,0,18,25,11
2019-11-25 19:00:00,85220,19,25,11
2019-11-25 20:00:00,15440,20,25,11
2019-11-25 21:00:00,12300,21,25,11
2019-11-25 22:00:00,19360,22,25,11
2019-11-25 23:00:00,440,23,25,11
2019-11-26 00:00:00,1620,0,26,11
2019-11-26 01:00:00,0,1,26,11
2019-11-26 02:00:00,0,2,26,11
2019-11-26 03:00:00,0,3,26,11
2019-11-26 04:00:00,290,4,26,11
2019-11-26 05:00:00,810,5,26,11
2019-11-26 06:00:00,71060,6,26,11
2019-11-26 07:00:00,154400,7,26,11
2019-11-26 08:00:00,90520,8,26,11
2019-11-26 09:00:00,83220,9,26,11
2019-11-26 10:00:00,146400,10,26,11
2019-11-26 11:00:00,77930,11,26,11
2019-11-26 12:00:00,20690,12,26,11
2019-11-26 13:00:00,30560,13,26,11
2019-11-26 14:00:00,12140,14,26,11
2019-11-26 15:00:00,14450,15,26,11
2019-11-26 16:00:00,2480,16,26,11
2019-11-26 17:00:00,142240,17,26,11
2019-11-26 18:00:00,7360,18,26,11
2019-11-26 19:00:00,77680,19,26,11
2019-11-26 20:00:00,89340,20,26,11
2019-11-26 21:00:00,51550,21,26,11
2019-11-26 22:00:00,20240,22,26,11
2019-11-26 23:00:00,22930,23,26,11
2019-11-27 00:00:00,660,0,27,11
2019-11-27 01:00:00,0,1,27,11
2019-11-27 02:00:00,2130,2,27,11
2019-11-27 03:00:00,0,3,27,11
2019-11-27 04:00:00,0,4,27,11
2019-11-27 05:00:00,440,5,27,11
2019-11-27 06:00:00,0,6,27,11
2019-11-27 07:00:00,0,7,27,11
2019-11-27 08:00:00,17010,8,27,11
2019-11-27 09:00:00,18630,9,27,11
2019-11-27 10:00:00,13640,10,27,11
2019-11-27 11:00:00,6480,11,27,11
2019-11-27 12:00:00,4040,12,27,11
2019-11-27 13:00:00,16070,13,27,11
2019-11-27 14:00:00,18040,14,27,11
2019-11-27 15:00:00,510,15,27,11
2019-11-27 16:00:00,0,16,27,11
2019-11-27 17:00:00,7950,17,27,11
2019-11-27 18:00:00,1030,18,27,11
2019-11-27 19:00:00,16940,19,27,11
2019-11-27 20:00:00,6770,20,27,11
2019-11-27 21:00:00,5590,21,27,11
2019-11-27 22:00:00,19830,22,27,11
2019-11-27 23:00:00,2580,23,27,11
2019-11-28 00:00:00,0,0,28,11
2019-11-28 01:00:00,0,1,28,11
2019-11-28 02:00:00,0,2,28,11
2019-11-28 03:00:00,1470,3,28,11
2019-11-28 04:00:00,0,4,28,11
2019-11-28 05:00:00,0,5,28,11
2019-11-28 06:00:00,68470,6,28,11
2019-11-28 07:00:00,115350,7,28,11
2019-11-28 08:00:00,62400,8,28,11
2019-11-28 09:00:00,30800,9,28,11
2019-11-28 10:00:00,20260,10,28,11
2019-11-28 11:00:00,13560,11,28,11
2019-11-28 12:00:00,4540,12,28,11
2019-11-28 13:00:00,7500,13,28,11
2019-11-28 14:00:00,121750,14,28,11
2019-11-28 15:00:00,62600,15,28,11
2019-11-28 16:00:00,3890,16,28,11
2019-11-28 17:00:00,116160,17,28,11
2019-11-28 18:00:00,16370,18,28,11
2019-11-28 19:00:00,63560,19,28,11
2019-11-28 20:00:00,126950,20,28,11
2019-11-28 21:00:00,22010,21,28,11
2019-11-28 22:00:00,34410,22,28,11
2019-11-28 23:00:00,2420,23,28,11
2019-11-29 00:00:00,0,0,29,11
2019-11-29 01:00:00,800,1,29,11
2019-11-29 02:00:00,0,2,29,11
2019-11-29 03:00:00,0,3,29,11
2019-11-29 04:00:00,1390,4,29,11
2019-11-29 05:00:00,0,5,29,11
2019-11-29 06:00:00,0,6,29,11
2019-11-29 07:00:00,181890,7,29,11
2019-11-29 08:00:00,13780,8,29,11
2019-11-29 09:00:00,0,9,29,11
2019-11-29 10:00:00,21510,10,29,11
2019-11-29 11:00:00,7290,11,29,11
2019-11-29 12:00:00,97360,12,29,11
2019-11-29 13:00:00,47850,13,29,11
2019-11-29 14:00:00,0,14,29,11
2019-11-29 15:00:00,61790,15,29,11
2019-11-29 16:00:00,127070,16,29,11
2019-11-29 17:00:00,16120,17,29,11
2019-11-29 18:00:00,82850,18,29,11
2019-11-29 19:00:00,38180,19,29,11
2019-11-29 20:00:00,13080,20,29,11
2019-11-29 21:00:00,208370,21,29,11
2019-11-29 22:00:00,21410,22,29,11
2019-11-29 23:00:00,33370,23,29,11
2019-11-30 00:00:00,880,0,30,11
2019-11-30 01:00:00,0,1,30,11
2019-11-30 02:00:00,0,2,30,11
2019-11-30 03:00:00,0,3,30,11
2019-11-30 04:00:00,0,4,30,11
2019-11-30 05:00:00,0,5,30,11
2019-11-30 06:00:00,4190,6,30,11
2019-11-30 07:00:00,0,7,30,11
2019-11-30 08:00:00,6040,8,30,11
2019-11-30 09:00:00,1910,9,30,11
2019-11-30 10:00:00,0,10,30,11
2019-11-30 11:00:00,0,11,30,11
2019-11-30 12:00:00,590,12,30,11
2019-11-30 13:00:00,0,13,30,11
2019-11-30 14:00:00,0,14,30,11
2019-11-30 15:00:00,0,15,30,11
2019-11-30 16:00:00,26040,16,30,11
2019-11-30 17:00:00,3680,17,30,11
2019-11-30 18:00:00,0,18,30,11
2019-11-30 19:00:00,1100,19,30,11
2019-11-30 20:00:00,0,20,30,11
2019-11-30 21:00:00,0,21,30,11
2019-11-30 22:00:00,0,22,30,11
2019-11-30 23:00:00,0,23,30,11
2019-12-01 00:00:00,0,0,1,12
2019-12-01 01:00:00,0,1,1,12
2019-12-01 02:00:00,0,2,1,12
2019-12-01 03:00:00,0,3,1,12
2019-12-01 04:00:00,0,4,1,12
2019-12-01 05:00:00,0,5,1,12
2019-12-01 06:00:00,0,6,1,12
2019-12-01 07:00:00,0,7,1,12
2019-12-01 08:00:00,0,8,1,12
2019-12-01 09:00:00,28080,9,1,12
2019-12-01 10:00:00,19350,10,1,12
2019-12-01 11:00:00,70490,11,1,12
2019-12-01 12:00:00,61450,12,1,12
2019-12-01 13:00:00,107080,13,1,12
2019-12-01 14:00:00,8450,14,1,12
2019-12-01 15:00:00,12690,15,1,12
2019-12-01 16:00:00,95520,16,1,12
2019-12-01 17:00:00,91220,17,1,12
2019-12-01 18:00:00,62110,18,1,12
2019-12-01 19:00:00,23350,19,1,12
2019-12-01 20:00:00,11940,20,1,12
2019-12-01 21:00:00,21370,21,1,12
2019-12-01 22:00:00,1540,22,1,12
2019-12-01 23:00:00,0,23,1,12
2019-12-02 00:00:00,0,0,2,12
2019-12-02 01:00:00,0,1,2,12
2019-12-02 02:00:00,0,2,2,12
2019-12-02 03:00:00,0,3,2,12
2019-12-02 04:00:00,0,4,2,12
2019-12-02 05:00:00,0,5,2,12
2019-12-02 06:00:00,60530,6,2,12
2019-12-02 07:00:00,170270,7,2,12
2019-12-02 08:00:00,7930,8,2,12
2019-12-02 09:00:00,31030,9,2,12
2019-12-02 10:00:00,30740,10,2,12
2019-12-02 11:00:00,660,11,2,12
2019-12-02 12:00:00,17480,12,2,12
2019-12-02 13:00:00,1760,13,2,12
2019-12-02 14:00:00,108320,14,2,12
2019-12-02 15:00:00,84400,15,2,12
2019-12-02 16:00:00,78830,16,2,12
2019-12-02 17:00:00,6710,17,2,12
2019-12-02 18:00:00,202310,18,2,12
2019-12-02 19:00:00,43440,19,2,12
2019-12-02 20:00:00,68490,20,2,12
2019-12-02 21:00:00,7360,21,2,12
2019-12-02 22:00:00,15150,22,2,12
2019-12-02 23:00:00,0,23,2,12
2019-12-03 00:00:00,290,0,3,12
2019-12-03 01:00:00,0,1,3,12
2019-12-03 02:00:00,0,2,3,12
2019-12-03 03:00:00,0,3,3,12
2019-12-03 04:00:00,0,4,3,12
2019-12-03 05:00:00,0,5,3,12
2019-12-03 06:00:00,37830,6,3,12
2019-12-03 07:00:00,89520,7,3,12
2019-12-03 08:00:00,12980,8,3,12
2019-12-03 09:00:00,41930,9,3,12
2019-12-03 10:00:00,36920,10,3,12
2019-12-03 11:00:00,19810,11,3,12
2019-12-03 12:00:00,8730,12,3,12
2019-12-03 13:00:00,11270,13,3,12
2019-12-03 14:00:00,18470,14,3,12
2019-12-03 15:00:00,51110,15,3,12
2019-12-03 16:00:00,98410,16,3,12
2019-12-03 17:00:00,164170,17,3,12
2019-12-03 18:00:00,124330,18,3,12
2019-12-03 19:00:00,34300,19,3,12
2019-12-03 20:00:00,2870,20,3,12
2019-12-03 21:00:00,11710,21,3,12
2019-12-03 22:00:00,21670,22,3,12
2019-12-03 23:00:00,1030,23,3,12
2019-12-04 00:00:00,660,0,4,12
2019-12-04 01:00:00,0,1,4,12
2019-12-04 02:00:00,0,2,4,12
2019-12-04 03:00:00,0,3,4,12
2019-12-04 04:00:00,0,4,4,12
2019-12-04 05:00:00,0,5,4,12
2019-12-04 06:00:00,75650,6,4,12
2019-12-04 07:00:00,128470,7,4,12
2019-12-04 08:00:00,21370,8,4,12
2019-12-04 09:00:00,18060,9,4,12
2019-12-04 10:00:00,13030,10,4,12
2019-12-04 11:00:00,62340,11,4,12
2019-12-04 12:00:00,8960,12,4,12
2019-12-04 13:00:00,25310,13,4,12
2019-12-04 14:00:00,3080,14,4,12
2019-12-04 15:00:00,3020,15,4,12
2019-12-04 16:00:00,155900,16,4,12
2019-12-04 17:00:00,3670,17,4,12
2019-12-04 18:00:00,7160,18,4,12
2019-12-04 19:00:00,135000,19,4,12
2019-12-04 20:00:00,119740,20,4,12
2019-12-04 21:00:00,5300,21,4,12
2019-12-04 22:00:00,16050,22,4,12
2019-12-04 23:00:00,0,23,4,12
2019-12-05 00:00:00,0,0,5,12
2019-12-05 01:00:00,290,1,5,12
2019-12-05 02:00:00,0,2,5,12
2019-12-05 03:00:00,360,3,5,12
2019-12-05 04:00:00,0,4,5,12
2019-12-05 05:00:00,1690,5,5,12
2019-12-05 06:00:00,590,6,5,12
2019-12-05 07:00:00,3240,7,5,12
2019-12-05 08:00:00,166320,8,5,12
2019-12-05 09:00:00,4980,9,5,12
2019-12-05 10:00:00,103260,10,5,12
2019-12-05 11:00:00,23810,11,5,12
2019-12-05 12:00:00,26370,12,5,12
2019-12-05 13:00:00,44950,13,5,12
2019-12-05 14:00:00,58570,14,5,12
2019-12-05 15:00:00,89020,15,5,12
2019-12-05 16:00:00,21100,16,5,12
2019-12-05 17:00:00,20210,17,5,12
2019-12-05 18:00:00,7200,18,5,12
2019-12-05 19:00:00,260990,19,5,12
2019-12-05 20:00:00,44730,20,5,12
2019-12-05 21:00:00,8520,21,5,12
2019-12-05 22:00:00,19760,22,5,12
2019-12-05 23:00:00,8070,23,5,12
2019-12-06 00:00:00,3310,0,6,12
2019-12-06 01:00:00,1610,1,6,12
2019-12-06 02:00:00,4480,2,6,12
2019-12-06 03:00:00,0,3,6,12
2019-12-06 04:00:00,0,4,6,12
2019-12-06 05:00:00,0,5,6,12
2019-12-06 06:00:00,0,6,6,12
2019-12-06 07:00:00,440,7,6,12
2019-12-06 08:00:00,106610,8,6,12
2019-12-06 09:00:00,12010,9,6,12
2019-12-06 10:00:00,17050,10,6,12
2019-12-06 11:00:00,188910,11,6,12
2019-12-06 12:00:00,141640,12,6,12
2019-12-06 13:00:00,155930,13,6,12
2019-12-06 14:00:00,23810,14,6,12
2019-12-06 15:00:00,26590,15,6,12
2019-12-06 16:00:00,53850,16,6,12
2019-12-06 17:00:00,102070,17,6,12
2019-12-06 18:00:00,14090,18,6,12
2019-12-06 19:00:00,4260,19,6,12
2019-12-06 20:00:00,14990,20,6,12
2019-12-06 21:00:00,3580,21,6,12
2019-12-06 22:00:00,128420,22,6,12
2019-12-06 23:00:00,9560,23,6,12
2019-12-07 00:00:00,4340,0,7,12
2019-12-07 01:00:00,0,1,7,12
2019-12-07 02:00:00,0,2,7,12
2019-12-07 03:00:00,0,3,7,12
2019-12-07 04:00:00,0,4,7,12
2019-12-07 05:00:00,0,5,7,12
2019-12-07 06:00:00,0,6,7,12
2019-12-07 07:00:00,0,7,7,12
2019-12-07 08:00:00,1690,8,7,12
2019-12-07 09:00:00,0,9,7,12
2019-12-07 10:00:00,0,10,7,12
2019-12-07 11:00:00,32520,11,7,12
2019-12-07 12:00:00,3090,12,7,12
2019-12-07 13:00:00,185690,13,7,12
2019-12-07 14:00:00,243620,14,7,12
2019-12-07 15:00:00,127430,15,7,12
2019-12-07 16:00:00,216390,16,7,12
2019-12-07 17:00:00,133270,17,7,12
2019-12-07 18:00:00,129250,18,7,12
2019-12-07 19:00:00,131250,19,7,12
2019-12-07 20:00:00,5510,20,7,12
2019-12-07 21:00:00,9940,21,7,12
2019-12-07 22:00:00,16430,22,7,12
2019-12-07 23:00:00,24440,23,7,12
2019-12-08 00:00:00,15620,0,8,12
2019-12-08 01:00:00,3600,1,8,12
2019-12-08 02:00:00,360,2,8,12
2019-12-08 03:00:00,660,3,8,12
2019-12-08 04:00:00,590,4,8,12
2019-12-08 05:00:00,0,5,8,12
2019-12-08 06:00:00,0,6,8,12
2019-12-08 07:00:00,0,7,8,12
2019-12-08 08:00:00,1830,8,8,12
2019-12-08 09:00:00,13820,9,8,12
2019-12-08 10:00:00,11470,10,8,12
2019-12-08 11:00:00,38060,11,8,12
2019-12-08 12:00:00,204650,12,8,12
2019-12-08 13:00:00,399780,13,8,12
2019-12-08 14:00:00,271330,14,8,12
2019-12-08 15:00:00,129030,15,8,12
2019-12-08 16:00:00,233740,16,8,12
2019-12-08 17:00:00,92460,17,8,12
2019-12-08 18:00:00,83740,18,8,12
2019-12-08 19:00:00,59690,19,8,12
2019-12-08 20:00:00,21880,20,8,12
2019-12-08 21:00:00,950,21,8,12
2019-12-08 22:00:00,23280,22,8,12
2019-12-08 23:00:00,6170,23,8,12
2019-12-09 00:00:00,1390,0,9,12
2019-12-09 01:00:00,360,1,9,12
2019-12-09 02:00:00,0,2,9,12
2019-12-09 03:00:00,0,3,9,12
2019-12-09 04:00:00,440,4,9,12
2019-12-09 05:00:00,1170,5,9,12
2019-12-09 06:00:00,33070,6,9,12
2019-12-09 07:00:00,122040,7,9,12
2019-12-09 08:00:00,47370,8,9,12
2019-12-09 09:00:00,11860,9,9,12
2019-12-09 10:00:00,63720,10,9,12
2019-12-09 11:00:00,74460,11,9,12
2019-12-09 12:00:00,5050,12,9,12
2019-12-09 13:00:00,3380,13,9,12
2019-12-09 14:00:00,20730,14,9,12
2019-12-09 15:00:00,126940,15,9,12
2019-12-09 16:00:00,123210,16,9,12
2019-12-09 17:00:00,29300,17,9,12
2019-12-09 18:00:00,15680,18,9,12
2019-12-09 19:00:00,360,19,9,12
2019-12-09 20:00:00,11340,20,9,12
2019-12-09 21:00:00,5580,21,9,12
2019-12-09 22:00:00,29680,22,9,12
2019-12-09 23:00:00,360,23,9,12
2019-12-10 00:00:00,4830,0,10,12
2019-12-10 01:00:00,510,1,10,12
2019-12-10 02:00:00,0,2,10,12
2019-12-10 03:00:00,0,3,10,12
2019-12-10 04:00:00,0,4,10,12
2019-12-10 05:00:00,0,5,10,12
2019-12-10 06:00:00,0,6,10,12
2019-12-10 07:00:00,730,7,10,12
2019-12-10 08:00:00,79960,8,10,12
2019-12-10 09:00:00,63030,9,10,12
2019-12-10 10:00:00,56430,10,10,12
2019-12-10 11:00:00,2270,11,10,12
2019-12-10 12:00:00,6660,12,10,12
2019-12-10 13:00:00,68020,13,10,12
2019-12-10 14:00:00,90490,14,10,12
2019-12-10 15:00:00,33860,15,10,12
2019-12-10 16:00:00,114190,16,10,12
2019-12-10 17:00:00,399370,17,10,12
2019-12-10 18:00:00,213980,18,10,12
2019-12-10 19:00:00,22100,19,10,12
2019-12-10 20:00:00,15240,20,10,12
2019-12-10 21:00:00,7660,21,10,12
2019-12-10 22:00:00,16290,22,10,12
2019-12-10 23:00:00,2500,23,10,12
2019-12-11 00:00:00,3750,0,11,12
2019-12-11 01:00:00,1690,1,11,12
2019-12-11 02:00:00,0,2,11,12
2019-12-11 03:00:00,0,3,11,12
2019-12-11 04:00:00,0,4,11,12
2019-12-11 05:00:00,0,5,11,12
2019-12-11 06:00:00,0,6,11,12
2019-12-11 07:00:00,78950,7,11,12
2019-12-11 08:00:00,45010,8,11,12
2019-12-11 09:00:00,14420,9,11,12
2019-12-11 10:00:00,25800,10,11,12
2019-12-11 11:00:00,11210,11,11,12
2019-12-11 12:00:00,11720,12,11,12
2019-12-11 13:00:00,29730,13,11,12
2019-12-11 14:00:00,19850,14,11,12
2019-12-11 15:00:00,3290,15,11,12
2019-12-11 16:00:00,2200,16,11,12
2019-12-11 17:00:00,158970,17,11,12
2019-12-11 18:00:00,47650,18,11,12
2019-12-11 19:00:00,510,19,11,12
2019-12-11 20:00:00,2420,20,11,12
2019-12-11 21:00:00,10070,21,11,12
2019-12-11 22:00:00,1020,22,11,12
2019-12-11 23:00:00,28270,23,11,12
2019-12-12 00:00:00,2930,0,12,12
2019-12-12 01:00:00,440,1,12,12
2019-12-12 02:00:00,0,2,12,12
2019-12-12 03:00:00,0,3,12,12
2019-12-12 04:00:00,0,4,12,12
2019-12-12 05:00:00,0,5,12,12
2019-12-12 06:00:00,440,6,12,12
2019-12-12 07:00:00,0,7,12,12
2019-12-12 08:00:00,12820,8,12,12
2019-12-12 09:00:00,0,9,12,12
2019-12-12 10:00:00,0,10,12,12
2019-12-12 11:00:00,93390,11,12,12
2019-12-12 12:00:00,77200,12,12,12
2019-12-12 13:00:00,72120,13,12,12
2019-12-12 14:00:00,30890,14,12,12
2019-12-12 15:00:00,2130,15,12,12
2019-12-12 16:00:00,1620,16,12,12
2019-12-12 17:00:00,31380,17,12,12
2019-12-12 18:00:00,51010,18,12,12
2019-12-12 19:00:00,88050,19,12,12
2019-12-12 20:00:00,15870,20,12,12
2019-12-12 21:00:00,102580,21,12,12
2019-12-12 22:00:00,31960,22,12,12
2019-12-12 23:00:00,0,23,12,12
2019-12-13 00:00:00,0,0,13,12
2019-12-13 01:00:00,0,1,13,12
2019-12-13 02:00:00,0,2,13,12
2019-12-13 03:00:00,1680,3,13,12
2019-12-13 04:00:00,0,4,13,12
2019-12-13 05:00:00,0,5,13,12
2019-12-13 06:00:00,960,6,13,12
2019-12-13 07:00:00,1390,7,13,12
2019-12-13 08:00:00,55510,8,13,12
2019-12-13 09:00:00,171130,9,13,12
2019-12-13 10:00:00,156650,10,13,12
2019-12-13 11:00:00,312890,11,13,12
2019-12-13 12:00:00,59510,12,13,12
2019-12-13 13:00:00,57290,13,13,12
2019-12-13 14:00:00,252390,14,13,12
2019-12-13 15:00:00,12750,15,13,12
2019-12-13 16:00:00,93430,16,13,12
2019-12-13 17:00:00,43620,17,13,12
2019-12-13 18:00:00,59970,18,13,12
2019-12-13 19:00:00,7140,19,13,12
2019-12-13 20:00:00,106830,20,13,12
2019-12-13 21:00:00,100020,21,13,12
2019-12-13 22:00:00,69580,22,13,12
2019-12-13 23:00:00,6600,23,13,12
2019-12-14 00:00:00,0,0,14,12
2019-12-14 01:00:00,1180,1,14,12
2019-12-14 02:00:00,0,2,14,12
2019-12-14 03:00:00,0,3,14,12
2019-12-14 04:00:00,0,4,14,12
2019-12-14 05:00:00,730,5,14,12
2019-12-14 06:00:00,0,6,14,12
2019-12-14 07:00:00,880,7,14,12
2019-12-14 08:00:00,660,8,14,12
2019-12-14 09:00:00,69530,9,14,12
2019-12-14 10:00:00,84750,10,14,12
2019-12-14 11:00:00,161280,11,14,12
2019-12-14 12:00:00,163250,12,14,12
2019-12-14 13:00:00,255400,13,14,12
2019-12-14 14:00:00,8220,14,14,12
2019-12-14 15:00:00,109370,15,14,12
2019-12-14 16:00:00,59550,16,14,12
2019-12-14 17:00:00,158950,17,14,12
2019-12-14 18:00:00,47620,18,14,12
2019-12-14 19:00:00,37180,19,14,12
2019-12-14 20:00:00,71120,20,14,12
2019-12-14 21:00:00,113980,21,14,12
2019-12-14 22:00:00,29690,22,14,12
2019-12-14 23:00:00,0,23,14,12
2019-12-15 00:00:00,510,0,15,12
2019-12-15 01:00:00,0,1,15,12
2019-12-15 02:00:00,290,2,15,12
2019-12-15 03:00:00,0,3,15,12
2019-12-15 04:00:00,0,4,15,12
2019-12-15 05:00:00,0,5,15,12
2019-12-15 06:00:00,0,6,15,12
2019-12-15 07:00:00,27980,7,15,12
2019-12-15 08:00:00,37440,8,15,12
2019-12-15 09:00:00,59980,9,15,12
2019-12-15 10:00:00,56950,10,15,12
2019-12-15 11:00:00,34940,11,15,12
2019-12-15 12:00:00,2730,12,15,12
2019-12-15 13:00:00,10820,13,15,12
2019-12-15 14:00:00,108180,14,15,12
2019-12-15 15:00:00,144200,15,15,12
2019-12-15 16:00:00,92430,16,15,12
2019-12-15 17:00:00,13780,17,15,12
2019-12-15 18:00:00,15980,18,15,12
2019-12-15 19:00:00,8700,19,15,12
2019-12-15 20:00:00,9980,20,15,12
2019-12-15 21:00:00,30960,21,15,12
2019-12-15 22:00:00,1030,22,15,12
2019-12-15 23:00:00,2500,23,15,12
2019-12-16 00:00:00,0,0,16,12
2019-12-16 01:00:00,0,1,16,12
2019-12-16 02:00:00,660,2,16,12
2019-12-16 03:00:00,0,3,16,12
2019-12-16 04:00:00,800,4,16,12
2019-12-16 05:00:00,6620,5,16,12
2019-12-16 06:00:00,3810,6,16,12
2019-12-16 07:00:00,0,7,16,12
2019-12-16 08:00:00,0,8,16,12
2019-12-16 09:00:00,0,9,16,12
2019-12-16 10:00:00,0,10,16,12
2019-12-16 11:00:00,17820,11,16,12
2019-12-16 12:00:00,13710,12,16,12
2019-12-16 13:00:00,30280,13,16,12
2019-12-16 14:00:00,10610,14,16,12
2019-12-16 15:00:00,26670,15,16,12
2019-12-16 16:00:00,13180,16,16,12
2019-12-16 17:00:00,5960,17,16,12
2019-12-16 18:00:00,4860,18,16,12
2019-12-16 19:00:00,5230,19,16,12
2019-12-16 20:00:00,24260,20,16,12
2019-12-16 21:00:00,26630,21,16,12
2019-12-16 22:00:00,10450,22,16,12
2019-12-16 23:00:00,51710,23,16,12
2019-12-17 00:00:00,2270,0,17,12
2019-12-17 01:00:00,3160,1,17,12
2019-12-17 02:00:00,0,2,17,12
2019-12-17 03:00:00,590,3,17,12
2019-12-17 04:00:00,3500,4,17,12
2019-12-17 05:00:00,0,5,17,12
2019-12-17 06:00:00,0,6,17,12
2019-12-17 07:00:00,3530,7,17,12
2019-12-17 08:00:00,440,8,17,12
2019-12-17 09:00:00,9850,9,17,12
2019-12-17 10:00:00,98820,10,17,12
2019-12-17 11:00:00,231310,11,17,12
2019-12-17 12:00:00,660,12,17,12
2019-12-17 13:00:00,13980,13,17,12
2019-12-17 14:00:00,17440,14,17,12
2019-12-17 15:00:00,28890,15,17,12
2019-12-17 16:00:00,730,16,17,12
2019-12-17 17:00:00,2710,17,17,12
2019-12-17 18:00:00,23070,18,17,12
2019-12-17 19:00:00,9350,19,17,12
2019-12-17 20:00:00,4050,20,17,12
2019-12-17 21:00:00,11540,21,17,12
2019-12-17 22:00:00,17230,22,17,12
2019-12-17 23:00:00,17160,23,17,12
2019-12-18 00:00:00,6030,0,18,12
2019-12-18 01:00:00,590,1,18,12
2019-12-18 02:00:00,0,2,18,12
2019-12-18 03:00:00,0,3,18,12
2019-12-18 04:00:00,590,4,18,12
2019-12-18 05:00:00,0,5,18,12
2019-12-18 06:00:00,0,6,18,12
2019-12-18 07:00:00,0,7,18,12
2019-12-18 08:00:00,10260,8,18,12
2019-12-18 09:00:00,9950,9,18,12
2019-12-18 10:00:00,0,10,18,12
2019-12-18 11:00:00,9210,11,18,12
2019-12-18 12:00:00,12230,12,18,12
2019-12-18 13:00:00,18350,13,18,12
2019-12-18 14:00:00,18760,14,18,12
2019-12-18 15:00:00,91240,15,18,12
2019-12-18 16:00:00,74510,16,18,12
2019-12-18 17:00:00,51100,17,18,12
2019-12-18 18:00:00,112660,18,18,12
2019-12-18 19:00:00,13190,19,18,12
2019-12-18 20:00:00,45930,20,18,12
2019-12-18 21:00:00,2040,21,18,12
2019-12-18 22:00:00,38820,22,18,12
2019-12-18 23:00:00,0,23,18,12
2019-12-19 00:00:00,1540,0,19,12
2019-12-19 01:00:00,2790,1,19,12
2019-12-19 02:00:00,360,2,19,12
2019-12-19 03:00:00,0,3,19,12
2019-12-19 04:00:00,0,4,19,12
2019-12-19 05:00:00,2360,5,19,12
2019-12-19 06:00:00,0,6,19,12
2019-12-19 07:00:00,139390,7,19,12
2019-12-19 08:00:00,31540,8,19,12
2019-12-19 09:00:00,12720,9,19,12
2019-12-19 10:00:00,75300,10,19,12
2019-12-19 11:00:00,120960,11,19,12
2019-12-19 12:00:00,96470,12,19,12
2019-12-19 13:00:00,9210,13,19,12
2019-12-19 14:00:00,4720,14,19,12
2019-12-19 15:00:00,12370,15,19,12
2019-12-19 16:00:00,183630,16,19,12
2019-12-19 17:00:00,60350,17,19,12
2019-12-19 18:00:00,23670,18,19,12
2019-12-19 19:00:00,19050,19,19,12
2019-12-19 20:00:00,8170,20,19,12
2019-12-19 21:00:00,8180,21,19,12
2019-12-19 22:00:00,22310,22,19,12
2019-12-19 23:00:00,0,23,19,12
2019-12-20 00:00:00,0,0,20,12
2019-12-20 01:00:00,2200,1,20,12
2019-12-20 02:00:00,0,2,20,12
2019-12-20 03:00:00,1400,3,20,12
2019-12-20 04:00:00,0,4,20,12
2019-12-20 05:00:00,0,5,20,12
2019-12-20 06:00:00,0,6,20,12
2019-12-20 07:00:00,32820,7,20,12
2019-12-20 08:00:00,133530,8,20,12
2019-12-20 09:00:00,36160,9,20,12
2019-12-20 10:00:00,26900,10,20,12
2019-12-20 11:00:00,73830,11,20,12
2019-12-20 12:00:00,8760,12,20,12
2019-12-20 13:00:00,39480,13,20,12
2019-12-20 14:00:00,204520,14,20,12
2019-12-20 15:00:00,36560,15,20,12
2019-12-20 16:00:00,113310,16,20,12
2019-12-20 17:00:00,70810,17,20,12
2019-12-20 18:00:00,18350,18,20,12
2019-12-20 19:00:00,18700,19,20,12
2019-12-20 20:00:00,11340,20,20,12
2019-12-20 21:00:00,12270,21,20,12
2019-12-20 22:00:00,34850,22,20,12
2019-12-20 23:00:00,4940,23,20,12
2019-12-21 00:00:00,20100,0,21,12
2019-12-21 01:00:00,0,1,21,12
2019-12-21 02:00:00,1240,2,21,12
2019-12-21 03:00:00,0,3,21,12
2019-12-21 04:00:00,0,4,21,12
2019-12-21 05:00:00,0,5,21,12
2019-12-21 06:00:00,1030,6,21,12
2019-12-21 07:00:00,440,7,21,12
2019-12-21 08:00:00,1320,8,21,12
2019-12-21 09:00:00,9210,9,21,12
2019-12-21 10:00:00,79060,10,21,12
2019-12-21 11:00:00,175660,11,21,12
2019-12-21 12:00:00,105870,12,21,12
2019-12-21 13:00:00,107180,13,21,12
2019-12-21 14:00:00,107350,14,21,12
2019-12-21 15:00:00,111530,15,21,12
2019-12-21 16:00:00,67530,16,21,12
2019-12-21 17:00:00,126740,17,21,12
2019-12-21 18:00:00,86980,18,21,12
2019-12-21 19:00:00,67620,19,21,12
2019-12-21 20:00:00,19800,20,21,12
2019-12-21 21:00:00,24690,21,21,12
2019-12-21 22:00:00,14770,22,21,12
2019-12-21 23:00:00,29570,23,21,12
2019-12-22 00:00:00,590,0,22,12
2019-12-22 01:00:00,0,1,22,12
2019-12-22 02:00:00,0,2,22,12
2019-12-22 03:00:00,0,3,22,12
2019-12-22 04:00:00,0,4,22,12
2019-12-22 05:00:00,3080,5,22,12
2019-12-22 06:00:00,0,6,22,12
2019-12-22 07:00:00,510,7,22,12
2019-12-22 08:00:00,4340,8,22,12
2019-12-22 09:00:00,590,9,22,12
2019-12-22 10:00:00,10310,10,22,12
2019-12-22 11:00:00,191420,11,22,12
2019-12-22 12:00:00,10440,12,22,12
2019-12-22 13:00:00,13910,13,22,12
2019-12-22 14:00:00,284680,14,22,12
2019-12-22 15:00:00,46040,15,22,12
2019-12-22 16:00:00,32870,16,22,12
2019-12-22 17:00:00,109910,17,22,12
2019-12-22 18:00:00,55850,18,22,12
2019-12-22 19:00:00,95430,19,22,12
2019-12-22 20:00:00,28270,20,22,12
2019-12-22 21:00:00,23060,21,22,12
2019-12-22 22:00:00,13270,22,22,12
2019-12-22 23:00:00,28020,23,22,12
2019-12-23 00:00:00,0,0,23,12
2019-12-23 01:00:00,0,1,23,12
2019-12-23 02:00:00,0,2,23,12
2019-12-23 03:00:00,0,3,23,12
2019-12-23 04:00:00,0,4,23,12
2019-12-23 05:00:00,0,5,23,12
2019-12-23 06:00:00,0,6,23,12
2019-12-23 07:00:00,0,7,23,12
2019-12-23 08:00:00,0,8,23,12
2019-12-23 09:00:00,74850,9,23,12
2019-12-23 10:00:00,45460,10,23,12
2019-12-23 11:00:00,31030,11,23,12
2019-12-23 12:00:00,219540,12,23,12
2019-12-23 13:00:00,155690,13,23,12
2019-12-23 14:00:00,211740,14,23,12
2019-12-23 15:00:00,103560,15,23,12
2019-12-23 16:00:00,35260,16,23,12
2019-12-23 17:00:00,61660,17,23,12
2019-12-23 18:00:00,78280,18,23,12
2019-12-23 19:00:00,83060,19,23,12
2019-12-23 20:00:00,17750,20,23,12
2019-12-23 21:00:00,43310,21,23,12
2019-12-23 22:00:00,7410,22,23,12
2019-12-23 23:00:00,19310,23,23,12
2019-12-24 00:00:00,0,0,24,12
2019-12-24 01:00:00,360,1,24,12
2019-12-24 02:00:00,0,2,24,12
2019-12-24 03:00:00,0,3,24,12
2019-12-24 04:00:00,0,4,24,12
2019-12-24 05:00:00,2780,5,24,12
2019-12-24 06:00:00,0,6,24,12
2019-12-24 07:00:00,0,7,24,12
2019-12-24 08:00:00,2040,8,24,12
2019-12-24 09:00:00,68400,9,24,12
2019-12-24 10:00:00,212760,10,24,12
2019-12-24 11:00:00,201740,11,24,12
2019-12-24 12:00:00,82900,12,24,12
2019-12-24 13:00:00,83000,13,24,12
2019-12-24 14:00:00,116520,14,24,12
2019-12-24 15:00:00,117760,15,24,12
2019-12-24 16:00:00,0,16,24,12
2019-12-24 17:00:00,0,17,24,12
2019-12-24 18:00:00,0,18,24,12
2019-12-24 19:00:00,0,19,24,12
2019-12-24 20:00:00,0,20,24,12
2019-12-24 21:00:00,0,21,24,12
2019-12-24 22:00:00,0,22,24,12
2019-12-24 23:00:00,0,23,24,12
2019-12-25 00:00:00,0,0,25,12
2019-12-25 01:00:00,0,1,25,12
2019-12-25 02:00:00,0,2,25,12
2019-12-25 03:00:00,0,3,25,12
2019-12-25 04:00:00,0,4,25,12
2019-12-25 05:00:00,0,5,25,12
2019-12-25 06:00:00,0,6,25,12
2019-12-25 07:00:00,0,7,25,12
2019-12-25 08:00:00,0,8,25,12
2019-12-25 09:00:00,0,9,25,12
2019-12-25 10:00:00,0,10,25,12
2019-12-25 11:00:00,0,11,25,12
2019-12-25 12:00:00,0,12,25,12
2019-12-25 13:00:00,0,13,25,12
2019-12-25 14:00:00,26390,14,25,12
2019-12-25 15:00:00,30600,15,25,12
2019-12-25 16:00:00,22430,16,25,12
2019-12-25 17:00:00,13740,17,25,12
2019-12-25 18:00:00,15820,18,25,12
2019-12-25 19:00:00,7340,19,25,12
2019-12-25 20:00:00,6910,20,25,12
2019-12-25 21:00:00,5060,21,25,12
2019-12-25 22:00:00,10210,22,25,12
2019-12-25 23:00:00,35720,23,25,12
2019-12-26 00:00:00,0,0,26,12
2019-12-26 01:00:00,0,1,26,12
2019-12-26 02:00:00,0,2,26,12
2019-12-26 03:00:00,0,3,26,12
2019-12-26 04:00:00,0,4,26,12
2019-12-26 05:00:00,0,5,26,12
2019-12-26 06:00:00,0,6,26,12
2019-12-26 07:00:00,0,7,26,12
2019-12-26 08:00:00,0,8,26,12
2019-12-26 09:00:00,0,9,26,12
2019-12-26 10:00:00,20280,10,26,12
2019-12-26 11:00:00,37440,11,26,12
2019-12-26 12:00:00,50210,12,26,12
2019-12-26 13:00:00,72400,13,26,12
2019-12-26 14:00:00,13770,14,26,12
2019-12-26 15:00:00,12630,15,26,12
2019-12-26 16:00:00,6920,16,26,12
2019-12-26 17:00:00,16930,17,26,12
2019-12-26 18:00:00,23570,18,26,12
2019-12-26 19:00:00,5160,19,26,12
2019-12-26 20:00:00,75300,20,26,12
2019-12-26 21:00:00,6040,21,26,12
2019-12-26 22:00:00,16000,22,26,12
2019-12-26 23:00:00,5510,23,26,12
2019-12-27 00:00:00,19660,0,27,12
2019-12-27 01:00:00,1030,1,27,12
2019-12-27 02:00:00,1840,2,27,12
2019-12-27 03:00:00,0,3,27,12
2019-12-27 04:00:00,0,4,27,12
2019-12-27 05:00:00,0,5,27,12
2019-12-27 06:00:00,660,6,27,12
2019-12-27 07:00:00,7050,7,27,12
2019-12-27 08:00:00,2270,8,27,12
2019-12-27 09:00:00,6710,9,27,12
2019-12-27 10:00:00,36110,10,27,12
2019-12-27 11:00:00,139590,11,27,12
2019-12-27 12:00:00,52430,12,27,12
2019-12-27 13:00:00,142390,13,27,12
2019-12-27 14:00:00,4930,14,27,12
2019-12-27 15:00:00,4480,15,27,12
2019-12-27 16:00:00,46660,16,27,12
2019-12-27 17:00:00,13950,17,27,12
2019-12-27 18:00:00,61150,18,27,12
2019-12-27 19:00:00,1030,19,27,12
2019-12-27 20:00:00,77030,20,27,12
2019-12-27 21:00:00,47060,21,27,12
2019-12-27 22:00:00,22040,22,27,12
2019-12-27 23:00:00,3370,23,27,12
2019-12-28 00:00:00,800,0,28,12
2019-12-28 01:00:00,880,1,28,12
2019-12-28 02:00:00,2920,2,28,12
2019-12-28 03:00:00,0,3,28,12
2019-12-28 04:00:00,0,4,28,12
2019-12-28 05:00:00,1320,5,28,12
2019-12-28 06:00:00,1760,6,28,12
2019-12-28 07:00:00,30070,7,28,12
2019-12-28 08:00:00,27480,8,28,12
2019-12-28 09:00:00,151590,9,28,12
2019-12-28 10:00:00,63260,10,28,12
2019-12-28 11:00:00,63400,11,28,12
2019-12-28 12:00:00,115380,12,28,12
2019-12-28 13:00:00,172680,13,28,12
2019-12-28 14:00:00,104270,14,28,12
2019-12-28 15:00:00,74770,15,28,12
2019-12-28 16:00:00,126300,16,28,12
2019-12-28 17:00:00,27110,17,28,12
2019-12-28 18:00:00,21490,18,28,12
2019-12-28 19:00:00,16490,19,28,12
2019-12-28 20:00:00,1900,20,28,12
2019-12-28 21:00:00,10830,21,28,12
2019-12-28 22:00:00,31390,22,28,12
2019-12-28 23:00:00,0,23,28,12
2019-12-29 00:00:00,0,0,29,12
2019-12-29 01:00:00,0,1,29,12
2019-12-29 02:00:00,660,2,29,12
2019-12-29 03:00:00,1990,3,29,12
2019-12-29 04:00:00,590,4,29,12
2019-12-29 05:00:00,590,5,29,12
2019-12-29 06:00:00,0,6,29,12
2019-12-29 07:00:00,44540,7,29,12
2019-12-29 08:00:00,14460,8,29,12
2019-12-29 09:00:00,134120,9,29,12
2019-12-29 10:00:00,90060,10,29,12
2019-12-29 11:00:00,99510,11,29,12
2019-12-29 12:00:00,81570,12,29,12
2019-12-29 13:00:00,116880,13,29,12
2019-12-29 14:00:00,65350,14,29,12
2019-12-29 15:00:00,69570,15,29,12
2019-12-29 16:00:00,117050,16,29,12
2019-12-29 17:00:00,54930,17,29,12
2019-12-29 18:00:00,34310,18,29,12
2019-12-29 19:00:00,32260,19,29,12
2019-12-29 20:00:00,14430,20,29,12
2019-12-29 21:00:00,2500,21,29,12
2019-12-29 22:00:00,18140,22,29,12
2019-12-29 23:00:00,18570,23,29,12
2019-12-30 00:00:00,0,0,30,12
2019-12-30 01:00:00,0,1,30,12
2019-12-30 02:00:00,360,2,30,12
2019-12-30 03:00:00,2190,3,30,12
2019-12-30 04:00:00,960,4,30,12
2019-12-30 05:00:00,1470,5,30,12
2019-12-30 06:00:00,0,6,30,12
2019-12-30 07:00:00,440,7,30,12
2019-12-30 08:00:00,1180,8,30,12
2019-12-30 09:00:00,0,9,30,12
2019-12-30 10:00:00,63000,10,30,12
2019-12-30 11:00:00,32980,11,30,12
2019-12-30 12:00:00,227600,12,30,12
2019-12-30 13:00:00,125550,13,30,12
2019-12-30 14:00:00,79590,14,30,12
2019-12-30 15:00:00,13830,15,30,12
2019-12-30 16:00:00,38310,16,30,12
2019-12-30 17:00:00,95290,17,30,12
2019-12-30 18:00:00,34080,18,30,12
2019-12-30 19:00:00,5870,19,30,12
2019-12-30 20:00:00,16760,20,30,12
2019-12-30 21:00:00,8540,21,30,12
2019-12-30 22:00:00,21720,22,30,12
2019-12-30 23:00:00,3530,23,30,12
2019-12-31 00:00:00,590,0,31,12
2019-12-31 01:00:00,1100,1,31,12
2019-12-31 02:00:00,290,2,31,12
2019-12-31 03:00:00,510,3,31,12
2019-12-31 04:00:00,0,4,31,12
2019-12-31 05:00:00,0,5,31,12
2019-12-31 06:00:00,510,6,31,12
2019-12-31 07:00:00,590,7,31,12
2019-12-31 08:00:00,0,8,31,12
2019-12-31 09:00:00,8480,9,31,12
2019-12-31 10:00:00,39390,10,31,12
2019-12-31 11:00:00,178780,11,31,12
2019-12-31 12:00:00,173360,12,31,12
2019-12-31 13:00:00,77040,13,31,12
2019-12-31 14:00:00,15060,14,31,12
2019-12-31 15:00:00,77080,15,31,12
2019-12-31 16:00:00,49950,16,31,12
2019-12-31 17:00:00,52150,17,31,12
2019-12-31 18:00:00,43250,18,31,12
2019-12-31 19:00:00,73550,19,31,12
2019-12-31 20:00:00,4320,20,31,12
2019-12-31 21:00:00,34410,21,31,12
2019-12-31 22:00:00,37570,22,31,12
2019-12-31 23:00:00,8700,23,31,12
2020-01-01 00:00:00,13550,0,1,1
2020-01-01 01:00:00,1100,1,1,1
2020-01-01 02:00:00,7380,2,1,1
2020-01-01 03:00:00,3310,3,1,1
2020-01-01 04:00:00,0,4,1,1
2020-01-01 05:00:00,0,5,1,1
2020-01-01 06:00:00,0,6,1,1
2020-01-01 07:00:00,440,7,1,1
2020-01-01 08:00:00,1900,8,1,1
2020-01-01 09:00:00,0,9,1,1
2020-01-01 10:00:00,0,10,1,1
2020-01-01 11:00:00,290,11,1,1
2020-01-01 12:00:00,0,12,1,1
2020-01-01 13:00:00,18710,13,1,1
2020-01-01 14:00:00,1990,14,1,1
2020-01-01 15:00:00,3090,15,1,1
2020-01-01 16:00:00,0,16,1,1
2020-01-01 17:00:00,0,17,1,1
2020-01-01 18:00:00,0,18,1,1
2020-01-01 19:00:00,0,19,1,1
2020-01-01 20:00:00,0,20,1,1
2020-01-01 21:00:00,0,21,1,1
2020-01-01 22:00:00,18570,22,1,1
2020-01-01 23:00:00,2280,23,1,1
2020-01-02 00:00:00,720,0,2,1
2020-01-02 01:00:00,0,1,2,1
2020-01-02 02:00:00,290,2,2,1
2020-01-02 03:00:00,0,3,2,1
2020-01-02 04:00:00,0,4,2,1
2020-01-02 05:00:00,360,5,2,1
2020-01-02 06:00:00,0,6,2,1
2020-01-02 07:00:00,660,7,2,1
2020-01-02 08:00:00,1770,8,2,1
2020-01-02 09:00:00,69280,9,2,1
2020-01-02 10:00:00,81720,10,2,1
2020-01-02 11:00:00,170760,11,2,1
2020-01-02 12:00:00,360050,12,2,1
2020-01-02 13:00:00,42210,13,2,1
2020-01-02 14:00:00,6830,14,2,1
2020-01-02 15:00:00,14140,15,2,1
2020-01-02 16:00:00,12140,16,2,1
2020-01-02 17:00:00,18860,17,2,1
2020-01-02 18:00:00,16720,18,2,1
2020-01-02 19:00:00,175100,19,2,1
2020-01-02 20:00:00,121650,20,2,1
2020-01-02 21:00:00,49150,21,2,1
2020-01-02 22:00:00,2290,22,2,1
2020-01-02 23:00:00,0,23,2,1
2020-01-03 00:00:00,0,0,3,1
2020-01-03 01:00:00,0,1,3,1
2020-01-03 02:00:00,0,2,3,1
2020-01-03 03:00:00,0,3,3,1
2020-01-03 04:00:00,0,4,3,1
2020-01-03 05:00:00,0,5,3,1
2020-01-03 06:00:00,35450,6,3,1
2020-01-03 07:00:00,57420,7,3,1
2020-01-03 08:00:00,0,8,3,1
2020-01-03 09:00:00,0,9,3,1
2020-01-03 10:00:00,0,10,3,1
2020-01-03 11:00:00,0,11,3,1
2020-01-03 12:00:00,0,12,3,1
2020-01-03 13:00:00,0,13,3,1
2020-01-03 14:00:00,0,14,3,1
2020-01-03 15:00:00,440,15,3,1
2020-01-03 16:00:00,4640,16,3,1
2020-01-03 17:00:00,520640,17,3,1
2020-01-03 18:00:00,181500,18,3,1
2020-01-03 19:00:00,102530,19,3,1
2020-01-03 20:00:00,90660,20,3,1
2020-01-03 21:00:00,49440,21,3,1
2020-01-03 22:00:00,8400,22,3,1
2020-01-03 23:00:00,0,23,3,1
2020-01-04 00:00:00,0,0,4,1
2020-01-04 01:00:00,0,1,4,1
2020-01-04 02:00:00,0,2,4,1
2020-01-04 03:00:00,0,3,4,1
2020-01-04 04:00:00,0,4,4,1
2020-01-04 05:00:00,0,5,4,1
2020-01-04 06:00:00,0,6,4,1
2020-01-04 07:00:00,0,7,4,1
2020-01-04 08:00:00,0,8,4,1
2020-01-04 09:00:00,0,9,4,1
2020-01-04 10:00:00,0,10,4,1
2020-01-04 11:00:00,61270,11,4,1
2020-01-04 12:00:00,152100,12,4,1
2020-01-04 13:00:00,430620,13,4,1
2020-01-04 14:00:00,189200,14,4,1
2020-01-04 15:00:00,210820,15,4,1
2020-01-04 16:00:00,81680,16,4,1
2020-01-04 17:00:00,74980,17,4,1
2020-01-04 18:00:00,33830,18,4,1
2020-01-04 19:00:00,6410,19,4,1
2020-01-04 20:00:00,15340,20,4,1
2020-01-04 21:00:00,13840,21,4,1
2020-01-04 22:00:00,31020,22,4,1
2020-01-04 23:00:00,16600,23,4,1
2020-01-05 00:00:00,0,0,5,1
2020-01-05 01:00:00,0,1,5,1
2020-01-05 02:00:00,0,2,5,1
2020-01-05 03:00:00,0,3,5,1
2020-01-05 04:00:00,0,4,5,1
2020-01-05 05:00:00,0,5,5,1
2020-01-05 06:00:00,0,6,5,1
2020-01-05 07:00:00,0,7,5,1
2020-01-05 08:00:00,0,8,5,1
2020-01-05 09:00:00,0,9,5,1
2020-01-05 10:00:00,0,10,5,1
2020-01-05 11:00:00,0,11,5,1
2020-01-05 12:00:00,0,12,5,1
2020-01-05 13:00:00,0,13,5,1
2020-01-05 14:00:00,0,14,5,1
2020-01-05 15:00:00,0,15,5,1
2020-01-05 16:00:00,0,16,5,1
2020-01-05 17:00:00,0,17,5,1
2020-01-05 18:00:00,0,18,5,1
2020-01-05 19:00:00,0,19,5,1
2020-01-05 20:00:00,0,20,5,1
2020-01-05 21:00:00,0,21,5,1
2020-01-05 22:00:00,0,22,5,1
2020-01-05 23:00:00,0,23,5,1
2020-01-06 00:00:00,0,0,6,1
2020-01-06 01:00:00,0,1,6,1
2020-01-06 02:00:00,0,2,6,1
2020-01-06 03:00:00,0,3,6,1
2020-01-06 04:00:00,0,4,6,1
2020-01-06 05:00:00,0,5,6,1
2020-01-06 06:00:00,0,6,6,1
2020-01-06 07:00:00,137120,7,6,1
2020-01-06 08:00:00,25150,8,6,1
2020-01-06 09:00:00,6910,9,6,1
2020-01-06 10:00:00,23460,10,6,1
2020-01-06 11:00:00,39870,11,6,1
2020-01-06 12:00:00,19290,12,6,1
2020-01-06 13:00:00,2180,13,6,1
2020-01-06 14:00:00,29740,14,6,1
2020-01-06 15:00:00,26590,15,6,1
2020-01-06 16:00:00,1100,16,6,1
2020-01-06 17:00:00,1610,17,6,1
2020-01-06 18:00:00,186940,18,6,1
2020-01-06 19:00:00,386890,19,6,1
2020-01-06 20:00:00,86330,20,6,1
2020-01-06 21:00:00,36700,21,6,1
2020-01-06 22:00:00,5060,22,6,1
2020-01-06 23:00:00,5730,23,6,1
2020-01-07 00:00:00,3090,0,7,1
2020-01-07 01:00:00,4700,1,7,1
2020-01-07 02:00:00,0,2,7,1
2020-01-07 03:00:00,440,3,7,1
2020-01-07 04:00:00,0,4,7,1
2020-01-07 05:00:00,290,5,7,1
2020-01-07 06:00:00,0,6,7,1
2020-01-07 07:00:00,36450,7,7,1
2020-01-07 08:00:00,96990,8,7,1
2020-01-07 09:00:00,35610,9,7,1
2020-01-07 10:00:00,43460,10,7,1
2020-01-07 11:00:00,10440,11,7,1
2020-01-07 12:00:00,43130,12,7,1
2020-01-07 13:00:00,6760,13,7,1
2020-01-07 14:00:00,136790,14,7,1
2020-01-07 15:00:00,142050,15,7,1
2020-01-07 16:00:00,11110,16,7,1
2020-01-07 17:00:00,4410,17,7,1
2020-01-07 18:00:00,35810,18,7,1
2020-01-07 19:00:00,74690,19,7,1
2020-01-07 20:00:00,19170,20,7,1
2020-01-07 21:00:00,25580,21,7,1
2020-01-07 22:00:00,15840,22,7,1
2020-01-07 23:00:00,2720,23,7,1
2020-01-08 00:00:00,2050,0,8,1
2020-01-08 01:00:00,0,1,8,1
2020-01-08 02:00:00,440,2,8,1
2020-01-08 03:00:00,0,3,8,1
2020-01-08 04:00:00,0,4,8,1
2020-01-08 05:00:00,0,5,8,1
2020-01-08 06:00:00,9780,6,8,1
2020-01-08 07:00:00,91780,7,8,1
2020-01-08 08:00:00,52520,8,8,1
2020-01-08 09:00:00,67670,9,8,1
2020-01-08 10:00:00,21790,10,8,1
2020-01-08 11:00:00,70430,11,8,1
2020-01-08 12:00:00,139350,12,8,1
2020-01-08 13:00:00,25450,13,8,1
2020-01-08 14:00:00,30920,14,8,1
2020-01-08 15:00:00,43560,15,8,1
2020-01-08 16:00:00,45580,16,8,1
2020-01-08 17:00:00,27530,17,8,1
2020-01-08 18:00:00,2050,18,8,1
2020-01-08 19:00:00,5640,19,8,1
2020-01-08 20:00:00,147460,20,8,1
2020-01-08 21:00:00,17390,21,8,1
2020-01-08 22:00:00,26950,22,8,1
2020-01-08 23:00:00,2210,23,8,1
2020-01-09 00:00:00,0,0,9,1
2020-01-09 01:00:00,0,1,9,1
2020-01-09 02:00:00,1030,2,9,1
2020-01-09 03:00:00,0,3,9,1
2020-01-09 04:00:00,0,4,9,1
2020-01-09 05:00:00,0,5,9,1
2020-01-09 06:00:00,0,6,9,1
2020-01-09 07:00:00,90880,7,9,1
2020-01-09 08:00:00,50350,8,9,1
2020-01-09 09:00:00,0,9,9,1
2020-01-09 10:00:00,26110,10,9,1
2020-01-09 11:00:00,4050,11,9,1
2020-01-09 12:00:00,18650,12,9,1
2020-01-09 13:00:00,10890,13,9,1
2020-01-09 14:00:00,2200,14,9,1
2020-01-09 15:00:00,4920,15,9,1
2020-01-09 16:00:00,10660,16,9,1
2020-01-09 17:00:00,3530,17,9,1
2020-01-09 18:00:00,82320,18,9,1
2020-01-09 19:00:00,19210,19,9,1
2020-01-09 20:00:00,14150,20,9,1
2020-01-09 21:00:00,15860,21,9,1
2020-01-09 22:00:00,0,22,9,1
2020-01-09 23:00:00,0,23,9,1
2020-01-10 00:00:00,0,0,10,1
2020-01-10 01:00:00,0,1,10,1
2020-01-10 02:00:00,0,2,10,1
2020-01-10 03:00:00,0,3,10,1
2020-01-10 04:00:00,0,4,10,1
2020-01-10 05:00:00,0,5,10,1
2020-01-10 06:00:00,126700,6,10,1
2020-01-10 07:00:00,51980,7,10,1
2020-01-10 08:00:00,2510,8,10,1
2020-01-10 09:00:00,0,9,10,1
2020-01-10 10:00:00,19810,10,10,1
2020-01-10 11:00:00,25240,11,10,1
2020-01-10 12:00:00,111050,12,10,1
2020-01-10 13:00:00,152550,13,10,1
2020-01-10 14:00:00,74820,14,10,1
2020-01-10 15:00:00,11980,15,10,1
2020-01-10 16:00:00,70490,16,10,1
2020-01-10 17:00:00,20300,17,10,1
2020-01-10 18:00:00,90730,18,10,1
2020-01-10 19:00:00,20020,19,10,1
2020-01-10 20:00:00,120560,20,10,1
2020-01-10 21:00:00,33940,21,10,1
2020-01-10 22:00:00,232770,22,10,1
2020-01-10 23:00:00,104280,23,10,1
2020-01-11 00:00:00,19210,0,11,1
2020-01-11 01:00:00,590,1,11,1
2020-01-11 02:00:00,0,2,11,1
2020-01-11 03:00:00,0,3,11,1
2020-01-11 04:00:00,950,4,11,1
2020-01-11 05:00:00,510,5,11,1
2020-01-11 06:00:00,0,6,11,1
2020-01-11 07:00:00,1020,7,11,1
2020-01-11 08:00:00,2420,8,11,1
2020-01-11 09:00:00,30210,9,11,1
2020-01-11 10:00:00,265400,10,11,1
2020-01-11 11:00:00,80360,11,11,1
2020-01-11 12:00:00,160860,12,11,1
2020-01-11 13:00:00,220400,13,11,1
2020-01-11 14:00:00,960,14,11,1
2020-01-11 15:00:00,0,15,11,1
2020-01-11 16:00:00,0,16,11,1
2020-01-11 17:00:00,0,17,11,1
2020-01-11 18:00:00,0,18,11,1
2020-01-11 19:00:00,0,19,11,1
2020-01-11 20:00:00,0,20,11,1
2020-01-11 21:00:00,0,21,11,1
2020-01-11 22:00:00,0,22,11,1
2020-01-11 23:00:00,0,23,11,1
2020-01-12 00:00:00,730,0,12,1
2020-01-12 01:00:00,0,1,12,1
2020-01-12 02:00:00,0,2,12,1
2020-01-12 03:00:00,0,3,12,1
2020-01-12 04:00:00,0,4,12,1
2020-01-12 05:00:00,0,5,12,1
2020-01-12 06:00:00,0,6,12,1
2020-01-12 07:00:00,0,7,12,1
2020-01-12 08:00:00,0,8,12,1
2020-01-12 09:00:00,0,9,12,1
2020-01-12 10:00:00,163090,10,12,1
2020-01-12 11:00:00,11460,11,12,1
2020-01-12 12:00:00,235740,12,12,1
2020-01-12 13:00:00,87200,13,12,1
2020-01-12 14:00:00,590,14,12,1
2020-01-12 15:00:00,54890,15,12,1
2020-01-12 16:00:00,165380,16,12,1
2020-01-12 17:00:00,65630,17,12,1
2020-01-12 18:00:00,73110,18,12,1
2020-01-12 19:00:00,18860,19,12,1
2020-01-12 20:00:00,9930,20,12,1
2020-01-12 21:00:00,1830,21,12,1
2020-01-12 22:00:00,20930,22,12,1
2020-01-12 23:00:00,510,23,12,1
2020-01-13 00:00:00,0,0,13,1
2020-01-13 01:00:00,0,1,13,1
2020-01-13 02:00:00,0,2,13,1
2020-01-13 03:00:00,1250,3,13,1
2020-01-13 04:00:00,0,4,13,1
2020-01-13 05:00:00,0,5,13,1
2020-01-13 06:00:00,23000,6,13,1
2020-01-13 07:00:00,185520,7,13,1
2020-01-13 08:00:00,23510,8,13,1
2020-01-13 09:00:00,2030,9,13,1
2020-01-13 10:00:00,36690,10,13,1
2020-01-13 11:00:00,14270,11,13,1
2020-01-13 12:00:00,21950,12,13,1
2020-01-13 13:00:00,8950,13,13,1
2020-01-13 14:00:00,12300,14,13,1
2020-01-13 15:00:00,49650,15,13,1
2020-01-13 16:00:00,139690,16,13,1
2020-01-13 17:00:00,10960,17,13,1
2020-01-13 18:00:00,15330,18,13,1
2020-01-13 19:00:00,433640,19,13,1
2020-01-13 20:00:00,117560,20,13,1
2020-01-13 21:00:00,23800,21,13,1
2020-01-13 22:00:00,11540,22,13,1
2020-01-13 23:00:00,3310,23,13,1
2020-01-14 00:00:00,3680,0,14,1
2020-01-14 01:00:00,0,1,14,1
2020-01-14 02:00:00,0,2,14,1
2020-01-14 03:00:00,650,3,14,1
2020-01-14 04:00:00,3380,4,14,1
2020-01-14 05:00:00,0,5,14,1
2020-01-14 06:00:00,510,6,14,1
2020-01-14 07:00:00,5520,7,14,1
2020-01-14 08:00:00,152110,8,14,1
2020-01-14 09:00:00,11430,9,14,1
2020-01-14 10:00:00,9140,10,14,1
2020-01-14 11:00:00,25290,11,14,1
2020-01-14 12:00:00,89260,12,14,1
2020-01-14 13:00:00,7050,13,14,1
2020-01-14 14:00:00,3240,14,14,1
2020-01-14 15:00:00,31480,15,14,1
2020-01-14 16:00:00,44120,16,14,1
2020-01-14 17:00:00,105110,17,14,1
2020-01-14 18:00:00,13980,18,14,1
2020-01-14 19:00:00,13700,19,14,1
2020-01-14 20:00:00,92280,20,14,1
2020-01-14 21:00:00,215520,21,14,1
2020-01-14 22:00:00,16120,22,14,1
2020-01-14 23:00:00,4580,23,14,1
2020-01-15 00:00:00,18110,0,15,1
2020-01-15 01:00:00,730,1,15,1
2020-01-15 02:00:00,0,2,15,1
2020-01-15 03:00:00,360,3,15,1
2020-01-15 04:00:00,810,4,15,1
2020-01-15 05:00:00,0,5,15,1
2020-01-15 06:00:00,1180,6,15,1
2020-01-15 07:00:00,0,7,15,1
2020-01-15 08:00:00,19790,8,15,1
2020-01-15 09:00:00,3890,9,15,1
2020-01-15 10:00:00,24480,10,15,1
2020-01-15 11:00:00,29250,11,15,1
2020-01-15 12:00:00,133050,12,15,1
2020-01-15 13:00:00,102870,13,15,1
2020-01-15 14:00:00,22520,14,15,1
2020-01-15 15:00:00,111600,15,15,1
2020-01-15 16:00:00,4990,16,15,1
2020-01-15 17:00:00,8770,17,15,1
2020-01-15 18:00:00,0,18,15,1
2020-01-15 19:00:00,14960,19,15,1
2020-01-15 20:00:00,74990,20,15,1
2020-01-15 21:00:00,28500,21,15,1
2020-01-15 22:00:00,1320,22,15,1
2020-01-15 23:00:00,290,23,15,1
2020-01-16 00:00:00,0,0,16,1
2020-01-16 01:00:00,0,1,16,1
2020-01-16 02:00:00,0,2,16,1
2020-01-16 03:00:00,0,3,16,1
2020-01-16 04:00:00,590,4,16,1
2020-01-16 05:00:00,0,5,16,1
2020-01-16 06:00:00,39290,6,16,1
2020-01-16 07:00:00,102610,7,16,1
2020-01-16 08:00:00,590,8,16,1
2020-01-16 09:00:00,870,9,16,1
2020-01-16 10:00:00,25300,10,16,1
2020-01-16 11:00:00,5950,11,16,1
2020-01-16 12:00:00,0,12,16,1
2020-01-16 13:00:00,0,13,16,1
2020-01-16 14:00:00,0,14,16,1
2020-01-16 15:00:00,82840,15,16,1
2020-01-16 16:00:00,2500,16,16,1
2020-01-16 17:00:00,12230,17,16,1
2020-01-16 18:00:00,43830,18,16,1
2020-01-16 19:00:00,439280,19,16,1
2020-01-16 20:00:00,81100,20,16,1
2020-01-16 21:00:00,15080,21,16,1
2020-01-16 22:00:00,18990,22,16,1
2020-01-16 23:00:00,2060,23,16,1
2020-01-17 00:00:00,1990,0,17,1
2020-01-17 01:00:00,0,1,17,1
2020-01-17 02:00:00,0,2,17,1
2020-01-17 03:00:00,0,3,17,1
2020-01-17 04:00:00,0,4,17,1
2020-01-17 05:00:00,0,5,17,1
2020-01-17 06:00:00,5950,6,17,1
2020-01-17 07:00:00,0,7,17,1
2020-01-17 08:00:00,36290,8,17,1
2020-01-17 09:00:00,2060,9,17,1
2020-01-17 10:00:00,6150,10,17,1
2020-01-17 11:00:00,14280,11,17,1
2020-01-17 12:00:00,17150,12,17,1
2020-01-17 13:00:00,950,13,17,1
2020-01-17 14:00:00,29050,14,17,1
2020-01-17 15:00:00,7280,15,17,1
2020-01-17 16:00:00,58800,16,17,1
2020-01-17 17:00:00,25250,17,17,1
2020-01-17 18:00:00,29300,18,17,1
2020-01-17 19:00:00,180560,19,17,1
2020-01-17 20:00:00,44230,20,17,1
2020-01-17 21:00:00,38270,21,17,1
2020-01-17 22:00:00,80940,22,17,1
2020-01-17 23:00:00,19630,23,17,1
2020-01-18 00:00:00,15390,0,18,1
2020-01-18 01:00:00,47880,1,18,1
2020-01-18 02:00:00,14960,2,18,1
2020-01-18 03:00:00,2210,3,18,1
2020-01-18 04:00:00,0,4,18,1
2020-01-18 05:00:00,0,5,18,1
2020-01-18 06:00:00,0,6,18,1
2020-01-18 07:00:00,1750,7,18,1
2020-01-18 08:00:00,0,8,18,1
2020-01-18 09:00:00,0,9,18,1
2020-01-18 10:00:00,21780,10,18,1
2020-01-18 11:00:00,4180,11,18,1
2020-01-18 12:00:00,4050,12,18,1
2020-01-18 13:00:00,0,13,18,1
2020-01-18 14:00:00,12010,14,18,1
2020-01-18 15:00:00,71410,15,18,1
2020-01-18 16:00:00,166540,16,18,1
2020-01-18 17:00:00,111010,17,18,1
2020-01-18 18:00:00,10320,18,18,1
2020-01-18 19:00:00,14950,19,18,1
2020-01-18 20:00:00,21190,20,18,1
2020-01-18 21:00:00,1680,21,18,1
2020-01-18 22:00:00,20560,22,18,1
2020-01-18 23:00:00,26890,23,18,1
2020-01-19 00:00:00,2280,0,19,1
2020-01-19 01:00:00,0,1,19,1
2020-01-19 02:00:00,0,2,19,1
2020-01-19 03:00:00,0,3,19,1
2020-01-19 04:00:00,360,4,19,1
2020-01-19 05:00:00,0,5,19,1
2020-01-19 06:00:00,290,6,19,1
2020-01-19 07:00:00,1320,7,19,1
2020-01-19 08:00:00,360,8,19,1
2020-01-19 09:00:00,50780,9,19,1
2020-01-19 10:00:00,109460,10,19,1
2020-01-19 11:00:00,53790,11,19,1
2020-01-19 12:00:00,88110,12,19,1
2020-01-19 13:00:00,81830,13,19,1
2020-01-19 14:00:00,130400,14,19,1
2020-01-19 15:00:00,1460,15,19,1
2020-01-19 16:00:00,65650,16,19,1
2020-01-19 17:00:00,8830,17,19,1
2020-01-19 18:00:00,68720,18,19,1
2020-01-19 19:00:00,9410,19,19,1
2020-01-19 20:00:00,6600,20,19,1
2020-01-19 21:00:00,82880,21,19,1
2020-01-19 22:00:00,78020,22,19,1
2020-01-19 23:00:00,25990,23,19,1
2020-01-20 00:00:00,0,0,20,1
2020-01-20 01:00:00,0,1,20,1
2020-01-20 02:00:00,0,2,20,1
2020-01-20 03:00:00,0,3,20,1
2020-01-20 04:00:00,0,4,20,1
2020-01-20 05:00:00,0,5,20,1
2020-01-20 06:00:00,0,6,20,1
2020-01-20 07:00:00,0,7,20,1
2020-01-20 08:00:00,12240,8,20,1
2020-01-20 09:00:00,44370,9,20,1
2020-01-20 10:00:00,157650,10,20,1
2020-01-20 11:00:00,173790,11,20,1
2020-01-20 12:00:00,21370,12,20,1
2020-01-20 13:00:00,17100,13,20,1
2020-01-20 14:00:00,30050,14,20,1
2020-01-20 15:00:00,22500,15,20,1
2020-01-20 16:00:00,0,16,20,1
2020-01-20 17:00:00,6460,17,20,1
2020-01-20 18:00:00,33040,18,20,1
2020-01-20 19:00:00,146400,19,20,1
2020-01-20 20:00:00,49070,20,20,1
2020-01-20 21:00:00,93270,21,20,1
2020-01-20 22:00:00,213390,22,20,1
2020-01-20 23:00:00,1980,23,20,1
2020-01-21 00:00:00,3160,0,21,1
2020-01-21 01:00:00,290,1,21,1
2020-01-21 02:00:00,290,2,21,1
2020-01-21 03:00:00,0,3,21,1
2020-01-21 04:00:00,0,4,21,1
2020-01-21 05:00:00,0,5,21,1
2020-01-21 06:00:00,0,6,21,1
2020-01-21 07:00:00,118720,7,21,1
2020-01-21 08:00:00,71750,8,21,1
2020-01-21 09:00:00,28230,9,21,1
2020-01-21 10:00:00,17980,10,21,1
2020-01-21 11:00:00,34520,11,21,1
2020-01-21 12:00:00,7880,12,21,1
2020-01-21 13:00:00,13360,13,21,1
2020-01-21 14:00:00,166290,14,21,1
2020-01-21 15:00:00,90670,15,21,1
2020-01-21 16:00:00,194610,16,21,1
2020-01-21 17:00:00,4180,17,21,1
2020-01-21 18:00:00,174320,18,21,1
2020-01-21 19:00:00,25130,19,21,1
2020-01-21 20:00:00,56250,20,21,1
2020-01-21 21:00:00,4630,21,21,1
2020-01-21 22:00:00,7640,22,21,1
2020-01-21 23:00:00,1840,23,21,1
2020-01-22 00:00:00,0,0,22,1
2020-01-22 01:00:00,0,1,22,1
2020-01-22 02:00:00,0,2,22,1
2020-01-22 03:00:00,2500,3,22,1
2020-01-22 04:00:00,0,4,22,1
2020-01-22 05:00:00,0,5,22,1
2020-01-22 06:00:00,950,6,22,1
2020-01-22 07:00:00,14160,7,22,1
2020-01-22 08:00:00,97710,8,22,1
2020-01-22 09:00:00,25580,9,22,1
2020-01-22 10:00:00,14210,10,22,1
2020-01-22 11:00:00,650,11,22,1
2020-01-22 12:00:00,590,12,22,1
2020-01-22 13:00:00,68900,13,22,1
2020-01-22 14:00:00,4550,14,22,1
2020-01-22 15:00:00,7500,15,22,1
2020-01-22 16:00:00,177770,16,22,1
2020-01-22 17:00:00,17060,17,22,1
2020-01-22 18:00:00,15500,18,22,1
2020-01-22 19:00:00,152750,19,22,1
2020-01-22 20:00:00,58500,20,22,1
2020-01-22 21:00:00,8160,21,22,1
2020-01-22 22:00:00,24320,22,22,1
2020-01-22 23:00:00,3090,23,22,1
2020-01-23 00:00:00,4850,0,23,1
2020-01-23 01:00:00,810,1,23,1
2020-01-23 02:00:00,0,2,23,1
2020-01-23 03:00:00,0,3,23,1
2020-01-23 04:00:00,0,4,23,1
2020-01-23 05:00:00,0,5,23,1
2020-01-23 06:00:00,950,6,23,1
2020-01-23 07:00:00,108010,7,23,1
2020-01-23 08:00:00,242760,8,23,1
2020-01-23 09:00:00,23310,9,23,1
2020-01-23 10:00:00,25830,10,23,1
2020-01-23 11:00:00,48820,11,23,1
2020-01-23 12:00:00,37660,12,23,1
2020-01-23 13:00:00,15250,13,23,1
2020-01-23 14:00:00,11440,14,23,1
2020-01-23 15:00:00,122710,15,23,1
2020-01-23 16:00:00,56940,16,23,1
2020-01-23 17:00:00,14900,17,23,1
2020-01-23 18:00:00,21470,18,23,1
2020-01-23 19:00:00,91000,19,23,1
2020-01-23 20:00:00,27380,20,23,1
2020-01-23 21:00:00,19550,21,23,1
2020-01-23 22:00:00,8740,22,23,1
2020-01-23 23:00:00,20480,23,23,1
2020-01-24 00:00:00,2640,0,24,1
2020-01-24 01:00:00,1690,1,24,1
2020-01-24 02:00:00,0,2,24,1
2020-01-24 03:00:00,0,3,24,1
2020-01-24 04:00:00,0,4,24,1
2020-01-24 05:00:00,0,5,24,1
2020-01-24 06:00:00,0,6,24,1
2020-01-24 07:00:00,2790,7,24,1
2020-01-24 08:00:00,12880,8,24,1
2020-01-24 09:00:00,16870,9,24,1
2020-01-24 10:00:00,14880,10,24,1
2020-01-24 11:00:00,54360,11,24,1
2020-01-24 12:00:00,233240,12,24,1
2020-01-24 13:00:00,41160,13,24,1
2020-01-24 14:00:00,9270,14,24,1
2020-01-24 15:00:00,55270,15,24,1
2020-01-24 16:00:00,49950,16,24,1
2020-01-24 17:00:00,33240,17,24,1
2020-01-24 18:00:00,49480,18,24,1
2020-01-24 19:00:00,29350,19,24,1
2020-01-24 20:00:00,39310,20,24,1
2020-01-24 21:00:00,9040,21,24,1
2020-01-24 22:00:00,5970,22,24,1
2020-01-24 23:00:00,19270,23,24,1
2020-01-25 00:00:00,360,0,25,1
2020-01-25 01:00:00,3380,1,25,1
2020-01-25 02:00:00,2940,2,25,1
2020-01-25 03:00:00,510,3,25,1
2020-01-25 04:00:00,1830,4,25,1
2020-01-25 05:00:00,0,5,25,1
2020-01-25 06:00:00,290,6,25,1
2020-01-25 07:00:00,510,7,25,1
2020-01-25 08:00:00,3160,8,25,1
2020-01-25 09:00:00,31300,9,25,1
2020-01-25 10:00:00,18110,10,25,1
2020-01-25 11:00:00,91040,11,25,1
2020-01-25 12:00:00,396950,12,25,1
2020-01-25 13:00:00,294670,13,25,1
2020-01-25 14:00:00,368430,14,25,1
2020-01-25 15:00:00,25740,15,25,1
2020-01-25 16:00:00,26720,16,25,1
2020-01-25 17:00:00,48000,17,25,1
2020-01-25 18:00:00,8820,18,25,1
2020-01-25 19:00:00,11120,19,25,1
2020-01-25 20:00:00,29610,20,25,1
2020-01-25 21:00:00,10730,21,25,1
2020-01-25 22:00:00,13190,22,25,1
2020-01-25 23:00:00,25860,23,25,1
2020-01-26 00:00:00,5800,0,26,1
2020-01-26 01:00:00,7570,1,26,1
2020-01-26 02:00:00,5820,2,26,1
2020-01-26 03:00:00,2940,3,26,1
2020-01-26 04:00:00,0,4,26,1
2020-01-26 05:00:00,0,5,26,1
2020-01-26 06:00:00,0,6,26,1
2020-01-26 07:00:00,0,7,26,1
2020-01-26 08:00:00,0,8,26,1
2020-01-26 09:00:00,8780,9,26,1
2020-01-26 10:00:00,201380,10,26,1
2020-01-26 11:00:00,213260,11,26,1
2020-01-26 12:00:00,18140,12,26,1
2020-01-26 13:00:00,75900,13,26,1
2020-01-26 14:00:00,407250,14,26,1
2020-01-26 15:00:00,72080,15,26,1
2020-01-26 16:00:00,16050,16,26,1
2020-01-26 17:00:00,38280,17,26,1
2020-01-26 18:00:00,21600,18,26,1
2020-01-26 19:00:00,9050,19,26,1
2020-01-26 20:00:00,6030,20,26,1
2020-01-26 21:00:00,14940,21,26,1
2020-01-26 22:00:00,16920,22,26,1
2020-01-26 23:00:00,660,23,26,1
2020-01-27 00:00:00,1390,0,27,1
2020-01-27 01:00:00,0,1,27,1
2020-01-27 02:00:00,0,2,27,1
2020-01-27 03:00:00,0,3,27,1
2020-01-27 04:00:00,0,4,27,1
2020-01-27 05:00:00,440,5,27,1
2020-01-27 06:00:00,12230,6,27,1
2020-01-27 07:00:00,119120,7,27,1
2020-01-27 08:00:00,17120,8,27,1
2020-01-27 09:00:00,9770,9,27,1
2020-01-27 10:00:00,40140,10,27,1
2020-01-27 11:00:00,7280,11,27,1
2020-01-27 12:00:00,33540,12,27,1
2020-01-27 13:00:00,21730,13,27,1
2020-01-27 14:00:00,66180,14,27,1
2020-01-27 15:00:00,11030,15,27,1
2020-01-27 16:00:00,43590,16,27,1
2020-01-27 17:00:00,50600,17,27,1
2020-01-27 18:00:00,126340,18,27,1
2020-01-27 19:00:00,98440,19,27,1
2020-01-27 20:00:00,20880,20,27,1
2020-01-27 21:00:00,9920,21,27,1
2020-01-27 22:00:00,20250,22,27,1
2020-01-27 23:00:00,4560,23,27,1
2020-01-28 00:00:00,2200,0,28,1
2020-01-28 01:00:00,1840,1,28,1
2020-01-28 02:00:00,440,2,28,1
2020-01-28 03:00:00,0,3,28,1
2020-01-28 04:00:00,0,4,28,1
2020-01-28 05:00:00,0,5,28,1
2020-01-28 06:00:00,950,6,28,1
2020-01-28 07:00:00,81320,7,28,1
2020-01-28 08:00:00,73130,8,28,1
2020-01-28 09:00:00,63530,9,28,1
2020-01-28 10:00:00,9520,10,28,1
2020-01-28 11:00:00,6690,11,28,1
2020-01-28 12:00:00,31490,12,28,1
2020-01-28 13:00:00,95210,13,28,1
2020-01-28 14:00:00,62000,14,28,1
2020-01-28 15:00:00,144760,15,28,1
2020-01-28 16:00:00,27780,16,28,1
2020-01-28 17:00:00,83950,17,28,1
2020-01-28 18:00:00,18400,18,28,1
2020-01-28 19:00:00,22900,19,28,1
2020-01-28 20:00:00,730,20,28,1
2020-01-28 21:00:00,19160,21,28,1
2020-01-28 22:00:00,11770,22,28,1
2020-01-28 23:00:00,30000,23,28,1
2020-01-29 00:00:00,1400,0,29,1
2020-01-29 01:00:00,0,1,29,1
2020-01-29 02:00:00,0,2,29,1
2020-01-29 03:00:00,360,3,29,1
2020-01-29 04:00:00,0,4,29,1
2020-01-29 05:00:00,2280,5,29,1
2020-01-29 06:00:00,1970,6,29,1
2020-01-29 07:00:00,3450,7,29,1
2020-01-29 08:00:00,2060,8,29,1
2020-01-29 09:00:00,0,9,29,1
2020-01-29 10:00:00,0,10,29,1
2020-01-29 11:00:00,13640,11,29,1
2020-01-29 12:00:00,144820,12,29,1
2020-01-29 13:00:00,95190,13,29,1
2020-01-29 14:00:00,42610,14,29,1
2020-01-29 15:00:00,68050,15,29,1
2020-01-29 16:00:00,64310,16,29,1
2020-01-29 17:00:00,1470,17,29,1
2020-01-29 18:00:00,0,18,29,1
2020-01-29 19:00:00,31360,19,29,1
2020-01-29 20:00:00,79520,20,29,1
2020-01-29 21:00:00,107130,21,29,1
2020-01-29 22:00:00,82850,22,29,1
2020-01-29 23:00:00,660,23,29,1
2020-01-30 00:00:00,1540,0,30,1
2020-01-30 01:00:00,0,1,30,1
2020-01-30 02:00:00,0,2,30,1
2020-01-30 03:00:00,730,3,30,1
2020-01-30 04:00:00,0,4,30,1
2020-01-30 05:00:00,290,5,30,1
2020-01-30 06:00:00,660,6,30,1
2020-01-30 07:00:00,108270,7,30,1
2020-01-30 08:00:00,73640,8,30,1
2020-01-30 09:00:00,36340,9,30,1
2020-01-30 10:00:00,28990,10,30,1
2020-01-30 11:00:00,13890,11,30,1
2020-01-30 12:00:00,15700,12,30,1
2020-01-30 13:00:00,3810,13,30,1
2020-01-30 14:00:00,4110,14,30,1
2020-01-30 15:00:00,13560,15,30,1
2020-01-30 16:00:00,303240,16,30,1
2020-01-30 17:00:00,108670,17,30,1
2020-01-30 18:00:00,510,18,30,1
2020-01-30 19:00:00,12030,19,30,1
2020-01-30 20:00:00,114600,20,30,1
2020-01-30 21:00:00,62150,21,30,1
2020-01-30 22:00:00,5890,22,30,1
2020-01-30 23:00:00,18180,23,30,1
2020-01-31 00:00:00,1470,0,31,1
2020-01-31 01:00:00,0,1,31,1
2020-01-31 02:00:00,0,2,31,1
2020-01-31 03:00:00,0,3,31,1
2020-01-31 04:00:00,0,4,31,1
2020-01-31 05:00:00,0,5,31,1
2020-01-31 06:00:00,17670,6,31,1
2020-01-31 07:00:00,150700,7,31,1
2020-01-31 08:00:00,34460,8,31,1
2020-01-31 09:00:00,42200,9,31,1
2020-01-31 10:00:00,31740,10,31,1
2020-01-31 11:00:00,16460,11,31,1
2020-01-31 12:00:00,34930,12,31,1
2020-01-31 13:00:00,102490,13,31,1
2020-01-31 14:00:00,17480,14,31,1
2020-01-31 15:00:00,3380,15,31,1
2020-01-31 16:00:00,186540,16,31,1
2020-01-31 17:00:00,28720,17,31,1
2020-01-31 18:00:00,8610,18,31,1
2020-01-31 19:00:00,8740,19,31,1
2020-01-31 20:00:00,26360,20,31,1
2020-01-31 21:00:00,7290,21,31,1
2020-01-31 22:00:00,0,22,31,1
2020-01-31 23:00:00,31640,23,31,1
2020-02-01 00:00:00,810,0,1,2
2020-02-01 01:00:00,2790,1,1,2
2020-02-01 02:00:00,510,2,1,2
2020-02-01 03:00:00,0,3,1,2
2020-02-01 04:00:00,440,4,1,2
2020-02-01 05:00:00,0,5,1,2
2020-02-01 06:00:00,0,6,1,2
2020-02-01 07:00:00,0,7,1,2
2020-02-01 08:00:00,7280,8,1,2
2020-02-01 09:00:00,72400,9,1,2
2020-02-01 10:00:00,34380,10,1,2
2020-02-01 11:00:00,55570,11,1,2
2020-02-01 12:00:00,30970,12,1,2
2020-02-01 13:00:00,339290,13,1,2
2020-02-01 14:00:00,436850,14,1,2
2020-02-01 15:00:00,369500,15,1,2
2020-02-01 16:00:00,108960,16,1,2
2020-02-01 17:00:00,95160,17,1,2
2020-02-01 18:00:00,51240,18,1,2
2020-02-01 19:00:00,9900,19,1,2
2020-02-01 20:00:00,6760,20,1,2
2020-02-01 21:00:00,8690,21,1,2
2020-02-01 22:00:00,17390,22,1,2
2020-02-01 23:00:00,23360,23,1,2
2020-02-02 00:00:00,44240,0,2,2
2020-02-02 01:00:00,2130,1,2,2
2020-02-02 02:00:00,0,2,2,2
2020-02-02 03:00:00,360,3,2,2
2020-02-02 04:00:00,0,4,2,2
2020-02-02 05:00:00,0,5,2,2
2020-02-02 06:00:00,1610,6,2,2
2020-02-02 07:00:00,810,7,2,2
2020-02-02 08:00:00,0,8,2,2
2020-02-02 09:00:00,2940,9,2,2
2020-02-02 10:00:00,66090,10,2,2
2020-02-02 11:00:00,62530,11,2,2
2020-02-02 12:00:00,127720,12,2,2
2020-02-02 13:00:00,269200,13,2,2
2020-02-02 14:00:00,197120,14,2,2
2020-02-02 15:00:00,122080,15,2,2
2020-02-02 16:00:00,168220,16,2,2
2020-02-02 17:00:00,57990,17,2,2
2020-02-02 18:00:00,35790,18,2,2
2020-02-02 19:00:00,20780,19,2,2
2020-02-02 20:00:00,55240,20,2,2
2020-02-02 21:00:00,16100,21,2,2
2020-02-02 22:00:00,46580,22,2,2
2020-02-02 23:00:00,16560,23,2,2
2020-02-03 00:00:00,2130,0,3,2
2020-02-03 01:00:00,660,1,3,2
2020-02-03 02:00:00,360,2,3,2
2020-02-03 03:00:00,960,3,3,2
2020-02-03 04:00:00,0,4,3,2
2020-02-03 05:00:00,290,5,3,2
2020-02-03 06:00:00,3010,6,3,2
2020-02-03 07:00:00,79030,7,3,2
2020-02-03 08:00:00,49400,8,3,2
2020-02-03 09:00:00,14790,9,3,2
2020-02-03 10:00:00,92480,10,3,2
2020-02-03 11:00:00,125080,11,3,2
2020-02-03 12:00:00,39390,12,3,2
2020-02-03 13:00:00,5010,13,3,2
2020-02-03 14:00:00,7510,14,3,2
2020-02-03 15:00:00,8390,15,3,2
2020-02-03 16:00:00,440,16,3,2
2020-02-03 17:00:00,1470,17,3,2
2020-02-03 18:00:00,167730,18,3,2
2020-02-03 19:00:00,104160,19,3,2
2020-02-03 20:00:00,10070,20,3,2
2020-02-03 21:00:00,21590,21,3,2
2020-02-03 22:00:00,1020,22,3,2
2020-02-03 23:00:00,3310,23,3,2
2020-02-04 00:00:00,0,0,4,2
2020-02-04 01:00:00,0,1,4,2
2020-02-04 02:00:00,800,2,4,2
2020-02-04 03:00:00,0,3,4,2
2020-02-04 04:00:00,0,4,4,2
2020-02-04 05:00:00,0,5,4,2
2020-02-04 06:00:00,17240,6,4,2
2020-02-04 07:00:00,73910,7,4,2
2020-02-04 08:00:00,37850,8,4,2
2020-02-04 09:00:00,9100,9,4,2
2020-02-04 10:00:00,39040,10,4,2
2020-02-04 11:00:00,3370,11,4,2
2020-02-04 12:00:00,67990,12,4,2
2020-02-04 13:00:00,17100,13,4,2
2020-02-04 14:00:00,3210,14,4,2
2020-02-04 15:00:00,140270,15,4,2
2020-02-04 16:00:00,37820,16,4,2
2020-02-04 17:00:00,109230,17,4,2
2020-02-04 18:00:00,36040,18,4,2
2020-02-04 19:00:00,15100,19,4,2
2020-02-04 20:00:00,1690,20,4,2
2020-02-04 21:00:00,11050,21,4,2
2020-02-04 22:00:00,6750,22,4,2
2020-02-04 23:00:00,1310,23,4,2
2020-02-05 00:00:00,0,0,5,2
2020-02-05 01:00:00,0,1,5,2
2020-02-05 02:00:00,0,2,5,2
2020-02-05 03:00:00,730,3,5,2
2020-02-05 04:00:00,0,4,5,2
2020-02-05 05:00:00,0,5,5,2
2020-02-05 06:00:00,7800,6,5,2
2020-02-05 07:00:00,152150,7,5,2
2020-02-05 08:00:00,31380,8,5,2
2020-02-05 09:00:00,24340,9,5,2
2020-02-05 10:00:00,23400,10,5,2
2020-02-05 11:00:00,47440,11,5,2
2020-02-05 12:00:00,8140,12,5,2
2020-02-05 13:00:00,4840,13,5,2
2020-02-05 14:00:00,6310,14,5,2
2020-02-05 15:00:00,56040,15,5,2
2020-02-05 16:00:00,103440,16,5,2
2020-02-05 17:00:00,110080,17,5,2
2020-02-05 18:00:00,0,18,5,2
2020-02-05 19:00:00,0,19,5,2
2020-02-05 20:00:00,1020,20,5,2
2020-02-05 21:00:00,200850,21,5,2
2020-02-05 22:00:00,11260,22,5,2
2020-02-05 23:00:00,14790,23,5,2
2020-02-06 00:00:00,0,0,6,2
2020-02-06 01:00:00,0,1,6,2
2020-02-06 02:00:00,0,2,6,2
2020-02-06 03:00:00,1690,3,6,2
2020-02-06 04:00:00,590,4,6,2
2020-02-06 05:00:00,0,5,6,2
2020-02-06 06:00:00,0,6,6,2
2020-02-06 07:00:00,8310,7,6,2
2020-02-06 08:00:00,16180,8,6,2
2020-02-06 09:00:00,18030,9,6,2
2020-02-06 10:00:00,79770,10,6,2
2020-02-06 11:00:00,16490,11,6,2
2020-02-06 12:00:00,16390,12,6,2
2020-02-06 13:00:00,22340,13,6,2
2020-02-06 14:00:00,23070,14,6,2
2020-02-06 15:00:00,133480,15,6,2
2020-02-06 16:00:00,110290,16,6,2
2020-02-06 17:00:00,183050,17,6,2
2020-02-06 18:00:00,74220,18,6,2
2020-02-06 19:00:00,23060,19,6,2
2020-02-06 20:00:00,16660,20,6,2
2020-02-06 21:00:00,13920,21,6,2
2020-02-06 22:00:00,2500,22,6,2
2020-02-06 23:00:00,0,23,6,2
2020-02-07 00:00:00,0,0,7,2
2020-02-07 01:00:00,0,1,7,2
2020-02-07 02:00:00,0,2,7,2
2020-02-07 03:00:00,0,3,7,2
2020-02-07 04:00:00,0,4,7,2
2020-02-07 05:00:00,510,5,7,2
2020-02-07 06:00:00,9560,6,7,2
2020-02-07 07:00:00,122460,7,7,2
2020-02-07 08:00:00,3740,8,7,2
2020-02-07 09:00:00,3960,9,7,2
2020-02-07 10:00:00,28170,10,7,2
2020-02-07 11:00:00,3890,11,7,2
2020-02-07 12:00:00,40500,12,7,2
2020-02-07 13:00:00,8110,13,7,2
2020-02-07 14:00:00,0,14,7,2
2020-02-07 15:00:00,250620,15,7,2
2020-02-07 16:00:00,121360,16,7,2
2020-02-07 17:00:00,157470,17,7,2
2020-02-07 18:00:00,107810,18,7,2
2020-02-07 19:00:00,19210,19,7,2
2020-02-07 20:00:00,16850,20,7,2
2020-02-07 21:00:00,92520,21,7,2
2020-02-07 22:00:00,85590,22,7,2
2020-02-07 23:00:00,103340,23,7,2
2020-02-08 00:00:00,35610,0,8,2
2020-02-08 01:00:00,0,1,8,2
2020-02-08 02:00:00,590,2,8,2
2020-02-08 03:00:00,0,3,8,2
2020-02-08 04:00:00,0,4,8,2
2020-02-08 05:00:00,0,5,8,2
2020-02-08 06:00:00,510,6,8,2
2020-02-08 07:00:00,4190,7,8,2
2020-02-08 08:00:00,4780,8,8,2
2020-02-08 09:00:00,17790,9,8,2
2020-02-08 10:00:00,0,10,8,2
2020-02-08 11:00:00,0,11,8,2
2020-02-08 12:00:00,0,12,8,2
2020-02-08 13:00:00,0,13,8,2
2020-02-08 14:00:00,15660,14,8,2
2020-02-08 15:00:00,6690,15,8,2
2020-02-08 16:00:00,28030,16,8,2
2020-02-08 17:00:00,97980,17,8,2
2020-02-08 18:00:00,74170,18,8,2
2020-02-08 19:00:00,3300,19,8,2
2020-02-08 20:00:00,3230,20,8,2
2020-02-08 21:00:00,12430,21,8,2
2020-02-08 22:00:00,8530,22,8,2
2020-02-08 23:00:00,97510,23,8,2
2020-02-09 00:00:00,43380,0,9,2
2020-02-09 01:00:00,960,1,9,2
2020-02-09 02:00:00,0,2,9,2
2020-02-09 03:00:00,0,3,9,2
2020-02-09 04:00:00,0,4,9,2
2020-02-09 05:00:00,290,5,9,2
2020-02-09 06:00:00,2270,6,9,2
2020-02-09 07:00:00,0,7,9,2
2020-02-09 08:00:00,0,8,9,2
2020-02-09 09:00:00,15610,9,9,2
2020-02-09 10:00:00,141690,10,9,2
2020-02-09 11:00:00,200070,11,9,2
2020-02-09 12:00:00,58530,12,9,2
2020-02-09 13:00:00,48880,13,9,2
2020-02-09 14:00:00,45430,14,9,2
2020-02-09 15:00:00,60870,15,9,2
2020-02-09 16:00:00,274860,16,9,2
2020-02-09 17:00:00,53550,17,9,2
2020-02-09 18:00:00,105110,18,9,2
2020-02-09 19:00:00,150570,19,9,2
2020-02-09 20:00:00,3230,20,9,2
2020-02-09 21:00:00,27710,21,9,2
2020-02-09 22:00:00,2930,22,9,2
2020-02-09 23:00:00,3520,23,9,2
2020-02-10 00:00:00,3460,0,10,2
2020-02-10 01:00:00,0,1,10,2
2020-02-10 02:00:00,0,2,10,2
2020-02-10 03:00:00,0,3,10,2
2020-02-10 04:00:00,290,4,10,2
2020-02-10 05:00:00,0,5,10,2
2020-02-10 06:00:00,180500,6,10,2
2020-02-10 07:00:00,124440,7,10,2
2020-02-10 08:00:00,139840,8,10,2
2020-02-10 09:00:00,17160,9,10,2
2020-02-10 10:00:00,87860,10,10,2
2020-02-10 11:00:00,89830,11,10,2
2020-02-10 12:00:00,66480,12,10,2
2020-02-10 13:00:00,124140,13,10,2
2020-02-10 14:00:00,171660,14,10,2
2020-02-10 15:00:00,72400,15,10,2
2020-02-10 16:00:00,12070,16,10,2
2020-02-10 17:00:00,25220,17,10,2
2020-02-10 18:00:00,122250,18,10,2
2020-02-10 19:00:00,88800,19,10,2
2020-02-10 20:00:00,0,20,10,2
2020-02-10 21:00:00,0,21,10,2
2020-02-10 22:00:00,9260,22,10,2
2020-02-10 23:00:00,2360,23,10,2
2020-02-11 00:00:00,0,0,11,2
2020-02-11 01:00:00,1250,1,11,2
2020-02-11 02:00:00,0,2,11,2
2020-02-11 03:00:00,0,3,11,2
2020-02-11 04:00:00,0,4,11,2
2020-02-11 05:00:00,20560,5,11,2
2020-02-11 06:00:00,124470,6,11,2
2020-02-11 07:00:00,109410,7,11,2
2020-02-11 08:00:00,59340,8,11,2
2020-02-11 09:00:00,2650,9,11,2
2020-02-11 10:00:00,1760,10,11,2
2020-02-11 11:00:00,149280,11,11,2
2020-02-11 12:00:00,63610,12,11,2
2020-02-11 13:00:00,33280,13,11,2
2020-02-11 14:00:00,54200,14,11,2
2020-02-11 15:00:00,69880,15,11,2
2020-02-11 16:00:00,0,16,11,2
2020-02-11 17:00:00,0,17,11,2
2020-02-11 18:00:00,0,18,11,2
2020-02-11 19:00:00,0,19,11,2
2020-02-11 20:00:00,0,20,11,2
2020-02-11 21:00:00,0,21,11,2
2020-02-11 22:00:00,0,22,11,2
2020-02-11 23:00:00,0,23,11,2
2020-02-12 00:00:00,0,0,12,2
2020-02-12 01:00:00,0,1,12,2
2020-02-12 02:00:00,0,2,12,2
2020-02-12 03:00:00,0,3,12,2
2020-02-12 04:00:00,0,4,12,2
2020-02-12 05:00:00,0,5,12,2
2020-02-12 06:00:00,0,6,12,2
2020-02-12 07:00:00,25070,7,12,2
2020-02-12 08:00:00,207010,8,12,2
2020-02-12 09:00:00,185500,9,12,2
2020-02-12 10:00:00,15450,10,12,2
2020-02-12 11:00:00,145630,11,12,2
2020-02-12 12:00:00,3750,12,12,2
2020-02-12 13:00:00,85170,13,12,2
2020-02-12 14:00:00,91930,14,12,2
2020-02-12 15:00:00,1330,15,12,2
2020-02-12 16:00:00,24960,16,12,2
2020-02-12 17:00:00,180770,17,12,2
2020-02-12 18:00:00,362550,18,12,2
2020-02-12 19:00:00,161640,19,12,2
2020-02-12 20:00:00,20190,20,12,2
2020-02-12 21:00:00,21470,21,12,2
2020-02-12 22:00:00,9120,22,12,2
2020-02-12 23:00:00,2430,23,12,2
2020-02-13 00:00:00,0,0,13,2
2020-02-13 01:00:00,730,1,13,2
2020-02-13 02:00:00,0,2,13,2
2020-02-13 03:00:00,0,3,13,2
2020-02-13 04:00:00,0,4,13,2
2020-02-13 05:00:00,960,5,13,2
2020-02-13 06:00:00,97560,6,13,2
2020-02-13 07:00:00,204450,7,13,2
2020-02-13 08:00:00,1690,8,13,2
2020-02-13 09:00:00,59800,9,13,2
2020-02-13 10:00:00,11230,10,13,2
2020-02-13 11:00:00,7270,11,13,2
2020-02-13 12:00:00,51460,12,13,2
2020-02-13 13:00:00,44490,13,13,2
2020-02-13 14:00:00,35550,14,13,2
2020-02-13 15:00:00,69730,15,13,2
2020-02-13 16:00:00,212200,16,13,2
2020-02-13 17:00:00,77380,17,13,2
2020-02-13 18:00:00,0,18,13,2
2020-02-13 19:00:00,0,19,13,2
2020-02-13 20:00:00,0,20,13,2
2020-02-13 21:00:00,0,21,13,2
2020-02-13 22:00:00,0,22,13,2
2020-02-13 23:00:00,0,23,13,2
2020-02-14 00:00:00,0,0,14,2
2020-02-14 01:00:00,4560,1,14,2
2020-02-14 02:00:00,0,2,14,2
2020-02-14 03:00:00,1240,3,14,2
2020-02-14 04:00:00,0,4,14,2
2020-02-14 05:00:00,0,5,14,2
2020-02-14 06:00:00,4120,6,14,2
2020-02-14 07:00:00,104800,7,14,2
2020-02-14 08:00:00,80310,8,14,2
2020-02-14 09:00:00,11410,9,14,2
2020-02-14 10:00:00,50360,10,14,2
2020-02-14 11:00:00,287470,11,14,2
2020-02-14 12:00:00,129800,12,14,2
2020-02-14 13:00:00,3510,13,14,2
2020-02-14 14:00:00,180370,14,14,2
2020-02-14 15:00:00,35390,15,14,2
2020-02-14 16:00:00,18660,16,14,2
2020-02-14 17:00:00,0,17,14,2
2020-02-14 18:00:00,0,18,14,2
2020-02-14 19:00:00,0,19,14,2
2020-02-14 20:00:00,0,20,14,2
2020-02-14 21:00:00,0,21,14,2
2020-02-14 22:00:00,0,22,14,2
2020-02-14 23:00:00,0,23,14,2
2020-02-15 00:00:00,0,0,15,2
2020-02-15 01:00:00,0,1,15,2
2020-02-15 02:00:00,0,2,15,2
2020-02-15 03:00:00,0,3,15,2
2020-02-15 04:00:00,0,4,15,2
2020-02-15 05:00:00,0,5,15,2
2020-02-15 06:00:00,0,6,15,2
2020-02-15 07:00:00,0,7,15,2
2020-02-15 08:00:00,0,8,15,2
2020-02-15 09:00:00,1990,9,15,2
2020-02-15 10:00:00,275020,10,15,2
2020-02-15 11:00:00,166650,11,15,2
2020-02-15 12:00:00,0,12,15,2
2020-02-15 13:00:00,5070,13,15,2
2020-02-15 14:00:00,227570,14,15,2
2020-02-15 15:00:00,225890,15,15,2
2020-02-15 16:00:00,50390,16,15,2
2020-02-15 17:00:00,136110,17,15,2
2020-02-15 18:00:00,6180,18,15,2
2020-02-15 19:00:00,9350,19,15,2
2020-02-15 20:00:00,25400,20,15,2
2020-02-15 21:00:00,0,21,15,2
2020-02-15 22:00:00,0,22,15,2
2020-02-15 23:00:00,11420,23,15,2
2020-02-16 00:00:00,1170,0,16,2
2020-02-16 01:00:00,0,1,16,2
2020-02-16 02:00:00,0,2,16,2
2020-02-16 03:00:00,3740,3,16,2
2020-02-16 04:00:00,0,4,16,2
2020-02-16 05:00:00,1840,5,16,2
2020-02-16 06:00:00,290,6,16,2
2020-02-16 07:00:00,290,7,16,2
2020-02-16 08:00:00,360,8,16,2
2020-02-16 09:00:00,0,9,16,2
2020-02-16 10:00:00,18980,10,16,2
2020-02-16 11:00:00,14500,11,16,2
2020-02-16 12:00:00,22830,12,16,2
2020-02-16 13:00:00,23050,13,16,2
2020-02-16 14:00:00,3520,14,16,2
2020-02-16 15:00:00,106660,15,16,2
2020-02-16 16:00:00,444180,16,16,2
2020-02-16 17:00:00,175020,17,16,2
2020-02-16 18:00:00,6030,18,16,2
2020-02-16 19:00:00,121170,19,16,2
2020-02-16 20:00:00,44980,20,16,2
2020-02-16 21:00:00,47600,21,16,2
2020-02-16 22:00:00,14590,22,16,2
2020-02-16 23:00:00,2500,23,16,2
2020-02-17 00:00:00,0,0,17,2
2020-02-17 01:00:00,0,1,17,2
2020-02-17 02:00:00,0,2,17,2
2020-02-17 03:00:00,0,3,17,2
2020-02-17 04:00:00,0,4,17,2
2020-02-17 05:00:00,0,5,17,2
2020-02-17 06:00:00,28370,6,17,2
2020-02-17 07:00:00,207810,7,17,2
2020-02-17 08:00:00,20420,8,17,2
2020-02-17 09:00:00,25450,9,17,2
2020-02-17 10:00:00,18130,10,17,2
2020-02-17 11:00:00,9260,11,17,2
2020-02-17 12:00:00,3000,12,17,2
2020-02-17 13:00:00,11110,13,17,2
2020-02-17 14:00:00,0,14,17,2
2020-02-17 15:00:00,48290,15,17,2
2020-02-17 16:00:00,58350,16,17,2
2020-02-17 17:00:00,12390,17,17,2
2020-02-17 18:00:00,10480,18,17,2
2020-02-17 19:00:00,65970,19,17,2
2020-02-17 20:00:00,292190,20,17,2
2020-02-17 21:00:00,36380,21,17,2
2020-02-17 22:00:00,5890,22,17,2
2020-02-17 23:00:00,4030,23,17,2
2020-02-18 00:00:00,4270,0,18,2
2020-02-18 01:00:00,0,1,18,2
2020-02-18 02:00:00,0,2,18,2
2020-02-18 03:00:00,590,3,18,2
2020-02-18 04:00:00,1030,4,18,2
2020-02-18 05:00:00,0,5,18,2
2020-02-18 06:00:00,950,6,18,2
2020-02-18 07:00:00,60210,7,18,2
2020-02-18 08:00:00,182530,8,18,2
2020-02-18 09:00:00,22200,9,18,2
2020-02-18 10:00:00,22630,10,18,2
2020-02-18 11:00:00,13170,11,18,2
2020-02-18 12:00:00,14000,12,18,2
2020-02-18 13:00:00,212360,13,18,2
2020-02-18 14:00:00,104100,14,18,2
2020-02-18 15:00:00,229480,15,18,2
2020-02-18 16:00:00,208540,16,18,2
2020-02-18 17:00:00,100880,17,18,2
2020-02-18 18:00:00,72810,18,18,2
2020-02-18 19:00:00,18640,19,18,2
2020-02-18 20:00:00,1830,20,18,2
2020-02-18 21:00:00,7890,21,18,2
2020-02-18 22:00:00,54950,22,18,2
2020-02-18 23:00:00,2200,23,18,2
2020-02-19 00:00:00,590,0,19,2
2020-02-19 01:00:00,0,1,19,2
2020-02-19 02:00:00,0,2,19,2
2020-02-19 03:00:00,0,3,19,2
2020-02-19 04:00:00,2720,4,19,2
2020-02-19 05:00:00,290,5,19,2
2020-02-19 06:00:00,0,6,19,2
2020-02-19 07:00:00,36130,7,19,2
2020-02-19 08:00:00,292560,8,19,2
2020-02-19 09:00:00,10490,9,19,2
2020-02-19 10:00:00,36520,10,19,2
2020-02-19 11:00:00,66360,11,19,2
2020-02-19 12:00:00,24470,12,19,2
2020-02-19 13:00:00,70660,13,19,2
2020-02-19 14:00:00,3970,14,19,2
2020-02-19 15:00:00,17840,15,19,2
2020-02-19 16:00:00,14320,16,19,2
2020-02-19 17:00:00,177150,17,19,2
2020-02-19 18:00:00,257630,18,19,2
2020-02-19 19:00:00,121810,19,19,2
2020-02-19 20:00:00,19370,20,19,2
2020-02-19 21:00:00,8910,21,19,2
2020-02-19 22:00:00,19220,22,19,2
2020-02-19 23:00:00,2420,23,19,2
2020-02-20 00:00:00,3460,0,20,2
2020-02-20 01:00:00,510,1,20,2
2020-02-20 02:00:00,0,2,20,2
2020-02-20 03:00:00,0,3,20,2
2020-02-20 04:00:00,0,4,20,2
2020-02-20 05:00:00,0,5,20,2
2020-02-20 06:00:00,660,6,20,2
2020-02-20 07:00:00,1100,7,20,2
2020-02-20 08:00:00,27920,8,20,2
2020-02-20 09:00:00,98170,9,20,2
2020-02-20 10:00:00,3820,10,20,2
2020-02-20 11:00:00,3970,11,20,2
2020-02-20 12:00:00,50480,12,20,2
2020-02-20 13:00:00,5500,13,20,2
2020-02-20 14:00:00,324320,14,20,2
2020-02-20 15:00:00,303550,15,20,2
2020-02-20 16:00:00,40370,16,20,2
2020-02-20 17:00:00,31240,17,20,2
2020-02-20 18:00:00,33040,18,20,2
2020-02-20 19:00:00,13320,19,20,2
2020-02-20 20:00:00,31610,20,20,2
2020-02-20 21:00:00,29350,21,20,2
2020-02-20 22:00:00,42050,22,20,2
2020-02-20 23:00:00,26160,23,20,2
2020-02-21 00:00:00,440,0,21,2
2020-02-21 01:00:00,4850,1,21,2
2020-02-21 02:00:00,3820,2,21,2
2020-02-21 03:00:00,1390,3,21,2
2020-02-21 04:00:00,1020,4,21,2
2020-02-21 05:00:00,0,5,21,2
2020-02-21 06:00:00,45620,6,21,2
2020-02-21 07:00:00,72740,7,21,2
2020-02-21 08:00:00,44190,8,21,2
2020-02-21 09:00:00,20500,9,21,2
2020-02-21 10:00:00,34050,10,21,2
2020-02-21 11:00:00,49650,11,21,2
2020-02-21 12:00:00,12060,12,21,2
2020-02-21 13:00:00,1900,13,21,2
2020-02-21 14:00:00,107510,14,21,2
2020-02-21 15:00:00,163150,15,21,2
2020-02-21 16:00:00,5870,16,21,2
2020-02-21 17:00:00,9210,17,21,2
2020-02-21 18:00:00,323240,18,21,2
2020-02-21 19:00:00,321660,19,21,2
2020-02-21 20:00:00,20850,20,21,2
2020-02-21 21:00:00,13590,21,21,2
2020-02-21 22:00:00,7440,22,21,2
2020-02-21 23:00:00,8900,23,21,2
2020-02-22 00:00:00,29510,0,22,2
2020-02-22 01:00:00,0,1,22,2
2020-02-22 02:00:00,0,2,22,2
2020-02-22 03:00:00,290,3,22,2
2020-02-22 04:00:00,0,4,22,2
2020-02-22 05:00:00,650,5,22,2
2020-02-22 06:00:00,0,6,22,2
2020-02-22 07:00:00,0,7,22,2
2020-02-22 08:00:00,0,8,22,2
2020-02-22 09:00:00,4180,9,22,2
2020-02-22 10:00:00,51470,10,22,2
2020-02-22 11:00:00,363670,11,22,2
2020-02-22 12:00:00,10590,12,22,2
2020-02-22 13:00:00,294990,13,22,2
2020-02-22 14:00:00,142530,14,22,2
2020-02-22 15:00:00,97400,15,22,2
2020-02-22 16:00:00,316740,16,22,2
2020-02-22 17:00:00,11200,17,22,2
2020-02-22 18:00:00,93390,18,22,2
2020-02-22 19:00:00,104250,19,22,2
2020-02-22 20:00:00,70970,20,22,2
2020-02-22 21:00:00,18710,21,22,2
2020-02-22 22:00:00,8510,22,22,2
2020-02-22 23:00:00,14370,23,22,2
2020-02-23 00:00:00,0,0,23,2
2020-02-23 01:00:00,0,1,23,2
2020-02-23 02:00:00,0,2,23,2
2020-02-23 03:00:00,0,3,23,2
2020-02-23 04:00:00,0,4,23,2
2020-02-23 05:00:00,0,5,23,2
2020-02-23 06:00:00,36960,6,23,2
2020-02-23 07:00:00,114170,7,23,2
2020-02-23 08:00:00,100780,8,23,2
2020-02-23 09:00:00,62640,9,23,2
2020-02-23 10:00:00,3600,10,23,2
2020-02-23 11:00:00,8390,11,23,2
2020-02-23 12:00:00,95790,12,23,2
2020-02-23 13:00:00,10630,13,23,2
2020-02-23 14:00:00,30140,14,23,2
2020-02-23 15:00:00,9630,15,23,2
2020-02-23 16:00:00,6300,16,23,2
2020-02-23 17:00:00,18630,17,23,2
2020-02-23 18:00:00,37860,18,23,2
2020-02-23 19:00:00,4700,19,23,2
2020-02-23 20:00:00,7060,20,23,2
2020-02-23 21:00:00,105030,21,23,2
2020-02-23 22:00:00,123200,22,23,2
2020-02-23 23:00:00,54070,23,23,2
2020-02-24 00:00:00,8760,0,24,2
2020-02-24 01:00:00,660,1,24,2
2020-02-24 02:00:00,0,2,24,2
2020-02-24 03:00:00,590,3,24,2
2020-02-24 04:00:00,0,4,24,2
2020-02-24 05:00:00,1540,5,24,2
2020-02-24 06:00:00,360,6,24,2
2020-02-24 07:00:00,21730,7,24,2
2020-02-24 08:00:00,70090,8,24,2
2020-02-24 09:00:00,110650,9,24,2
2020-02-24 10:00:00,119020,10,24,2
2020-02-24 11:00:00,73410,11,24,2
2020-02-24 12:00:00,50300,12,24,2
2020-02-24 13:00:00,116750,13,24,2
2020-02-24 14:00:00,151520,14,24,2
2020-02-24 15:00:00,88710,15,24,2
2020-02-24 16:00:00,78600,16,24,2
2020-02-24 17:00:00,360,17,24,2
2020-02-24 18:00:00,161880,18,24,2
2020-02-24 19:00:00,31060,19,24,2
2020-02-24 20:00:00,13380,20,24,2
2020-02-24 21:00:00,29850,21,24,2
2020-02-24 22:00:00,6540,22,24,2
2020-02-24 23:00:00,800,23,24,2
2020-02-25 00:00:00,440,0,25,2
2020-02-25 01:00:00,0,1,25,2
2020-02-25 02:00:00,0,2,25,2
2020-02-25 03:00:00,0,3,25,2
2020-02-25 04:00:00,0,4,25,2
2020-02-25 05:00:00,0,5,25,2
2020-02-25 06:00:00,5600,6,25,2
2020-02-25 07:00:00,49730,7,25,2
2020-02-25 08:00:00,128180,8,25,2
2020-02-25 09:00:00,94930,9,25,2
2020-02-25 10:00:00,131300,10,25,2
2020-02-25 11:00:00,67120,11,25,2
2020-02-25 12:00:00,102000,12,25,2
2020-02-25 13:00:00,88020,13,25,2
2020-02-25 14:00:00,180290,14,25,2
2020-02-25 15:00:00,10420,15,25,2
2020-02-25 16:00:00,92580,16,25,2
2020-02-25 17:00:00,6960,17,25,2
2020-02-25 18:00:00,10590,18,25,2
2020-02-25 19:00:00,2050,19,25,2
2020-02-25 20:00:00,136870,20,25,2
2020-02-25 21:00:00,9560,21,25,2
2020-02-25 22:00:00,12150,22,25,2
2020-02-25 23:00:00,0,23,25,2
2020-02-26 00:00:00,0,0,26,2
2020-02-26 01:00:00,290,1,26,2
2020-02-26 02:00:00,0,2,26,2
2020-02-26 03:00:00,0,3,26,2
2020-02-26 04:00:00,0,4,26,2
2020-02-26 05:00:00,440,5,26,2
2020-02-26 06:00:00,2130,6,26,2
2020-02-26 07:00:00,44680,7,26,2
2020-02-26 08:00:00,41830,8,26,2
2020-02-26 09:00:00,177320,9,26,2
2020-02-26 10:00:00,70650,10,26,2
2020-02-26 11:00:00,204680,11,26,2
2020-02-26 12:00:00,30950,12,26,2
2020-02-26 13:00:00,0,13,26,2
2020-02-26 14:00:00,2660,14,26,2
2020-02-26 15:00:00,81440,15,26,2
2020-02-26 16:00:00,91390,16,26,2
2020-02-26 17:00:00,65430,17,26,2
2020-02-26 18:00:00,47600,18,26,2
2020-02-26 19:00:00,62870,19,26,2
2020-02-26 20:00:00,65990,20,26,2
2020-02-26 21:00:00,47300,21,26,2
2020-02-26 22:00:00,12600,22,26,2
2020-02-26 23:00:00,440,23,26,2
2020-02-27 00:00:00,590,0,27,2
2020-02-27 01:00:00,0,1,27,2
2020-02-27 02:00:00,0,2,27,2
2020-02-27 03:00:00,1170,3,27,2
2020-02-27 04:00:00,0,4,27,2
2020-02-27 05:00:00,1180,5,27,2
2020-02-27 06:00:00,14350,6,27,2
2020-02-27 07:00:00,108170,7,27,2
2020-02-27 08:00:00,139460,8,27,2
2020-02-27 09:00:00,138860,9,27,2
2020-02-27 10:00:00,123500,10,27,2
2020-02-27 11:00:00,114010,11,27,2
2020-02-27 12:00:00,43590,12,27,2
2020-02-27 13:00:00,6190,13,27,2
2020-02-27 14:00:00,0,14,27,2
2020-02-27 15:00:00,33420,15,27,2
2020-02-27 16:00:00,82350,16,27,2
2020-02-27 17:00:00,13880,17,27,2
2020-02-27 18:00:00,18830,18,27,2
2020-02-27 19:00:00,6730,19,27,2
2020-02-27 20:00:00,84780,20,27,2
2020-02-27 21:00:00,2200,21,27,2
2020-02-27 22:00:00,15840,22,27,2
2020-02-27 23:00:00,0,23,27,2
2020-02-28 00:00:00,360,0,28,2
2020-02-28 01:00:00,880,1,28,2
2020-02-28 02:00:00,0,2,28,2
2020-02-28 03:00:00,0,3,28,2
2020-02-28 04:00:00,660,4,28,2
2020-02-28 05:00:00,0,5,28,2
2020-02-28 06:00:00,10380,6,28,2
2020-02-28 07:00:00,34260,7,28,2
