datetime,steps,hour,day,month
2019-11-07 18:00:00,16,18,7,11
2019-11-07 19:00:00,5822,19,7,11
2019-11-07 20:00:00,2912,20,7,11
2019-11-07 21:00:00,365,21,7,11
2019-11-07 22:00:00,19,22,7,11
2019-11-07 23:00:00,64,23,7,11
2019-11-08 00:00:00,5,0,8,11
2019-11-08 01:00:00,0,1,8,11
2019-11-08 02:00:00,10,2,8,11
2019-11-08 03:00:00,0,3,8,11
2019-11-08 04:00:00,0,4,8,11
2019-11-08 05:00:00,0,5,8,11
2019-11-08 06:00:00,8,6,8,11
2019-11-08 07:00:00,1635,7,8,11
2019-11-08 08:00:00,1345,8,8,11
2019-11-08 09:00:00,292,9,8,11
2019-11-08 10:00:00,255,10,8,11
2019-11-08 11:00:00,365,11,8,11
2019-11-08 12:00:00,528,12,8,11
2019-11-08 13:00:00,248,13,8,11
2019-11-08 14:00:00,230,14,8,11
2019-11-08 15:00:00,118,15,8,11
2019-11-08 16:00:00,1156,16,8,11
2019-11-08 17:00:00,1075,17,8,11
2019-11-08 18:00:00,190,18,8,11
2019-11-08 19:00:00,242,19,8,11
2019-11-08 20:00:00,214,20,8,11
2019-11-08 21:00:00,739,21,8,11
2019-11-08 22:00:00,705,22,8,11
2019-11-08 23:00:00,505,23,8,11
2019-11-09 00:00:00,126,0,9,11
2019-11-09 01:00:00,67,1,9,11
2019-11-09 02:00:00,25,2,9,11
2019-11-09 03:00:00,0,3,9,11
2019-11-09 04:00:00,0,4,9,11
2019-11-09 05:00:00,0,5,9,11
2019-11-09 06:00:00,0,6,9,11
2019-11-09 07:00:00,28,7,9,11
2019-11-09 08:00:00,0,8,9,11
2019-11-09 09:00:00,0,9,9,11
2019-11-09 10:00:00,207,10,9,11
2019-11-09 11:00:00,245,11,9,11
2019-11-09 12:00:00,256,12,9,11
2019-11-09 13:00:00,4210,13,9,11
2019-11-09 14:00:00,186,14,9,11
2019-11-09 15:00:00,2564,15,9,11
2019-11-09 16:00:00,614,16,9,11
2019-11-09 17:00:00,662,17,9,11
2019-11-09 18:00:00,1596,18,9,11
2019-11-09 19:00:00,21,19,9,11
2019-11-09 20:00:00,60,20,9,11
2019-11-09 21:00:00,274,21,9,11
2019-11-09 22:00:00,1873,22,9,11
2019-11-09 23:00:00,383,23,9,11
2019-11-10 00:00:00,57,0,10,11
2019-11-10 01:00:00,49,1,10,11
2019-11-10 02:00:00,4,2,10,11
2019-11-10 03:00:00,21,3,10,11
2019-11-10 04:00:00,6,4,10,11
2019-11-10 05:00:00,8,5,10,11
2019-11-10 06:00:00,0,6,10,11
2019-11-10 07:00:00,0,7,10,11
2019-11-10 08:00:00,26,8,10,11
2019-11-10 09:00:00,222,9,10,11
2019-11-10 10:00:00,167,10,10,11
2019-11-10 11:00:00,0,11,10,11
2019-11-10 12:00:00,127,12,10,11
2019-11-10 13:00:00,5804,13,10,11
2019-11-10 14:00:00,1527,14,10,11
2019-11-10 15:00:00,1306,15,10,11
2019-11-10 16:00:00,523,16,10,11
2019-11-10 17:00:00,337,17,10,11
2019-11-10 18:00:00,149,18,10,11
2019-11-10 19:00:00,3212,19,10,11
2019-11-10 20:00:00,1700,20,10,11
2019-11-10 21:00:00,468,21,10,11
2019-11-10 22:00:00,21,22,10,11
2019-11-10 23:00:00,66,23,10,11
2019-11-11 00:00:00,24,0,11,11
2019-11-11 01:00:00,4,1,11,11
2019-11-11 02:00:00,0,2,11,11
2019-11-11 03:00:00,8,3,11,11
2019-11-11 04:00:00,4,4,11,11
2019-11-11 05:00:00,9,5,11,11
2019-11-11 06:00:00,86,6,11,11
2019-11-11 07:00:00,572,7,11,11
2019-11-11 08:00:00,880,8,11,11
2019-11-11 09:00:00,622,9,11,11
2019-11-11 10:00:00,512,10,11,11
2019-11-11 11:00:00,0,11,11,11
2019-11-11 12:00:00,166,12,11,11
2019-11-11 13:00:00,516,13,11,11
2019-11-11 14:00:00,1349,14,11,11
2019-11-11 15:00:00,1470,15,11,11
2019-11-11 16:00:00,1859,16,11,11
2019-11-11 17:00:00,2392,17,11,11
2019-11-11 18:00:00,1382,18,11,11
2019-11-11 19:00:00,383,19,11,11
2019-11-11 20:00:00,427,20,11,11
2019-11-11 21:00:00,184,21,11,11
2019-11-11 22:00:00,61,22,11,11
2019-11-11 23:00:00,186,23,11,11
2019-11-12 00:00:00,43,0,12,11
2019-11-12 01:00:00,0,1,12,11
2019-11-12 02:00:00,15,2,12,11
2019-11-12 03:00:00,0,3,12,11
2019-11-12 04:00:00,4,4,12,11
2019-11-12 05:00:00,6,5,12,11
2019-11-12 06:00:00,0,6,12,11
2019-11-12 07:00:00,187,7,12,11
2019-11-12 08:00:00,38,8,12,11
2019-11-12 09:00:00,192,9,12,11
2019-11-12 10:00:00,85,10,12,11
2019-11-12 11:00:00,1894,11,12,11
2019-11-12 12:00:00,755,12,12,11
2019-11-12 13:00:00,268,13,12,11
2019-11-12 14:00:00,1064,14,12,11
2019-11-12 15:00:00,1012,15,12,11
2019-11-12 16:00:00,945,16,12,11
2019-11-12 17:00:00,2359,17,12,11
2019-11-12 18:00:00,1249,18,12,11
2019-11-12 19:00:00,703,19,12,11
2019-11-12 20:00:00,421,20,12,11
2019-11-12 21:00:00,79,21,12,11
2019-11-12 22:00:00,249,22,12,11
2019-11-12 23:00:00,10,23,12,11
2019-11-13 00:00:00,30,0,13,11
2019-11-13 01:00:00,0,1,13,11
2019-11-13 02:00:00,22,2,13,11
2019-11-13 03:00:00,0,3,13,11
2019-11-13 04:00:00,0,4,13,11
2019-11-13 05:00:00,0,5,13,11
2019-11-13 06:00:00,381,6,13,11
2019-11-13 07:00:00,2271,7,13,11
2019-11-13 08:00:00,116,8,13,11
2019-11-13 09:00:00,277,9,13,11
2019-11-13 10:00:00,554,10,13,11
2019-11-13 11:00:00,637,11,13,11
2019-11-13 12:00:00,609,12,13,11
2019-11-13 13:00:00,759,13,13,11
2019-11-13 14:00:00,146,14,13,11
2019-11-13 15:00:00,151,15,13,11
2019-11-13 16:00:00,860,16,13,11
2019-11-13 17:00:00,1454,17,13,11
2019-11-13 18:00:00,481,18,13,11
2019-11-13 19:00:00,48,19,13,11
2019-11-13 20:00:00,36,20,13,11
2019-11-13 21:00:00,1671,21,13,11
2019-11-13 22:00:00,1021,22,13,11
2019-11-13 23:00:00,245,23,13,11
2019-11-14 00:00:00,21,0,14,11
2019-11-14 01:00:00,0,1,14,11
2019-11-14 02:00:00,0,2,14,11
2019-11-14 03:00:00,0,3,14,11
2019-11-14 04:00:00,0,4,14,11
2019-11-14 05:00:00,0,5,14,11
2019-11-14 06:00:00,23,6,14,11
2019-11-14 07:00:00,113,7,14,11
2019-11-14 08:00:00,227,8,14,11
2019-11-14 09:00:00,13,9,14,11
2019-11-14 10:00:00,174,10,14,11
2019-11-14 11:00:00,364,11,14,11
2019-11-14 12:00:00,283,12,14,11
2019-11-14 13:00:00,47,13,14,11
2019-11-14 14:00:00,118,14,14,11
2019-11-14 15:00:00,32,15,14,11
2019-11-14 16:00:00,314,16,14,11
2019-11-14 17:00:00,1559,17,14,11
2019-11-14 18:00:00,1245,18,14,11
2019-11-14 19:00:00,18,19,14,11
2019-11-14 20:00:00,332,20,14,11
2019-11-14 21:00:00,934,21,14,11
2019-11-14 22:00:00,24,22,14,11
2019-11-14 23:00:00,301,23,14,11
2019-11-15 00:00:00,49,0,15,11
2019-11-15 01:00:00,13,1,15,11
2019-11-15 02:00:00,0,2,15,11
2019-11-15 03:00:00,0,3,15,11
2019-11-15 04:00:00,0,4,15,11
2019-11-15 05:00:00,0,5,15,11
2019-11-15 06:00:00,308,6,15,11
2019-11-15 07:00:00,1112,7,15,11
2019-11-15 08:00:00,812,8,15,11
2019-11-15 09:00:00,1076,9,15,11
2019-11-15 10:00:00,507,10,15,11
2019-11-15 11:00:00,332,11,15,11
2019-11-15 12:00:00,0,12,15,11
2019-11-15 13:00:00,162,13,15,11
2019-11-15 14:00:00,46,14,15,11
2019-11-15 15:00:00,107,15,15,11
2019-11-15 16:00:00,2305,16,15,11
2019-11-15 17:00:00,219,17,15,11
2019-11-15 18:00:00,1633,18,15,11
2019-11-15 19:00:00,1208,19,15,11
2019-11-15 20:00:00,42,20,15,11
2019-11-15 21:00:00,82,21,15,11
2019-11-15 22:00:00,253,22,15,11
2019-11-15 23:00:00,7,23,15,11
2019-11-16 00:00:00,0,0,16,11
2019-11-16 01:00:00,10,1,16,11
2019-11-16 02:00:00,6,2,16,11
2019-11-16 03:00:00,19,3,16,11
2019-11-16 04:00:00,5,4,16,11
2019-11-16 05:00:00,0,5,16,11
2019-11-16 06:00:00,0,6,16,11
2019-11-16 07:00:00,0,7,16,11
2019-11-16 08:00:00,44,8,16,11
2019-11-16 09:00:00,52,9,16,11
2019-11-16 10:00:00,98,10,16,11
2019-11-16 11:00:00,1790,11,16,11
2019-11-16 12:00:00,1614,12,16,11
2019-11-16 13:00:00,2686,13,16,11
2019-11-16 14:00:00,3676,14,16,11
2019-11-16 15:00:00,1696,15,16,11
2019-11-16 16:00:00,1389,16,16,11
2019-11-16 17:00:00,915,17,16,11
2019-11-16 18:00:00,441,18,16,11
2019-11-16 19:00:00,648,19,16,11
2019-11-16 20:00:00,274,20,16,11
2019-11-16 21:00:00,265,21,16,11
2019-11-16 22:00:00,136,22,16,11
2019-11-16 23:00:00,354,23,16,11
2019-11-17 00:00:00,26,0,17,11
2019-11-17 01:00:00,0,1,17,11
2019-11-17 02:00:00,0,2,17,11
2019-11-17 03:00:00,0,3,17,11
2019-11-17 04:00:00,0,4,17,11
2019-11-17 05:00:00,0,5,17,11
2019-11-17 06:00:00,0,6,17,11
2019-11-17 07:00:00,16,7,17,11
2019-11-17 08:00:00,376,8,17,11
2019-11-17 09:00:00,983,9,17,11
2019-11-17 10:00:00,717,10,17,11
2019-11-17 11:00:00,328,11,17,11
2019-11-17 12:00:00,309,12,17,11
2019-11-17 13:00:00,392,13,17,11
2019-11-17 14:00:00,539,14,17,11
2019-11-17 15:00:00,457,15,17,11
2019-11-17 16:00:00,210,16,17,11
2019-11-17 17:00:00,572,17,17,11
2019-11-17 18:00:00,156,18,17,11
2019-11-17 19:00:00,4,19,17,11
2019-11-17 20:00:00,1926,20,17,11
2019-11-17 21:00:00,182,21,17,11
2019-11-17 22:00:00,303,22,17,11
2019-11-17 23:00:00,46,23,17,11
2019-11-18 00:00:00,0,0,18,11
2019-11-18 01:00:00,0,1,18,11
2019-11-18 02:00:00,0,2,18,11
2019-11-18 03:00:00,0,3,18,11
2019-11-18 04:00:00,0,4,18,11
2019-11-18 05:00:00,6,5,18,11
2019-11-18 06:00:00,805,6,18,11
2019-11-18 07:00:00,518,7,18,11
2019-11-18 08:00:00,345,8,18,11
2019-11-18 09:00:00,107,9,18,11
2019-11-18 10:00:00,380,10,18,11
2019-11-18 11:00:00,248,11,18,11
2019-11-18 12:00:00,96,12,18,11
2019-11-18 13:00:00,380,13,18,11
2019-11-18 14:00:00,1326,14,18,11
2019-11-18 15:00:00,391,15,18,11
2019-11-18 16:00:00,585,16,18,11
2019-11-18 17:00:00,2467,17,18,11
2019-11-18 18:00:00,641,18,18,11
2019-11-18 19:00:00,477,19,18,11
2019-11-18 20:00:00,661,20,18,11
2019-11-18 21:00:00,24,21,18,11
2019-11-18 22:00:00,23,22,18,11
2019-11-18 23:00:00,0,23,18,11
2019-11-19 00:00:00,0,0,19,11
2019-11-19 01:00:00,0,1,19,11
2019-11-19 02:00:00,0,2,19,11
2019-11-19 03:00:00,0,3,19,11
2019-11-19 04:00:00,0,4,19,11
2019-11-19 05:00:00,6,5,19,11
2019-11-19 06:00:00,138,6,19,11
2019-11-19 07:00:00,2317,7,19,11
2019-11-19 08:00:00,405,8,19,11
2019-11-19 09:00:00,131,9,19,11
2019-11-19 10:00:00,81,10,19,11
2019-11-19 11:00:00,879,11,19,11
2019-11-19 12:00:00,906,12,19,11
2019-11-19 13:00:00,1712,13,19,11
2019-11-19 14:00:00,766,14,19,11
2019-11-19 15:00:00,15,15,19,11
2019-11-19 16:00:00,144,16,19,11
2019-11-19 17:00:00,1512,17,19,11
2019-11-19 18:00:00,1458,18,19,11
2019-11-19 19:00:00,283,19,19,11
2019-11-19 20:00:00,571,20,19,11
2019-11-19 21:00:00,44,21,19,11
2019-11-19 22:00:00,337,22,19,11
2019-11-19 23:00:00,11,23,19,11
2019-11-20 00:00:00,0,0,20,11
2019-11-20 01:00:00,0,1,20,11
2019-11-20 02:00:00,19,2,20,11
2019-11-20 03:00:00,18,3,20,11
2019-11-20 04:00:00,0,4,20,11
2019-11-20 05:00:00,1612,5,20,11
2019-11-20 06:00:00,933,6,20,11
2019-11-20 07:00:00,361,7,20,11
2019-11-20 08:00:00,1507,8,20,11
2019-11-20 09:00:00,2053,9,20,11
2019-11-20 10:00:00,1519,10,20,11
2019-11-20 11:00:00,1125,11,20,11
2019-11-20 12:00:00,656,12,20,11
2019-11-20 13:00:00,52,13,20,11
2019-11-20 14:00:00,236,14,20,11
2019-11-20 15:00:00,1486,15,20,11
2019-11-20 16:00:00,238,16,20,11
2019-11-20 17:00:00,132,17,20,11
2019-11-20 18:00:00,218,18,20,11
2019-11-20 19:00:00,121,19,20,11
2019-11-20 20:00:00,1583,20,20,11
2019-11-20 21:00:00,305,21,20,11
2019-11-20 22:00:00,37,22,20,11
2019-11-20 23:00:00,0,23,20,11
2019-11-21 00:00:00,7,0,21,11
2019-11-21 01:00:00,0,1,21,11
2019-11-21 02:00:00,0,2,21,11
2019-11-21 03:00:00,17,3,21,11
2019-11-21 04:00:00,0,4,21,11
2019-11-21 05:00:00,8,5,21,11
2019-11-21 06:00:00,38,6,21,11
2019-11-21 07:00:00,1098,7,21,11
2019-11-21 08:00:00,1412,8,21,11
2019-11-21 09:00:00,187,9,21,11
2019-11-21 10:00:00,422,10,21,11
2019-11-21 11:00:00,164,11,21,11
2019-11-21 12:00:00,1679,12,21,11
2019-11-21 13:00:00,1445,13,21,11
2019-11-21 14:00:00,1356,14,21,11
2019-11-21 15:00:00,39,15,21,11
2019-11-21 16:00:00,381,16,21,11
2019-11-21 17:00:00,939,17,21,11
2019-11-21 18:00:00,101,18,21,11
2019-11-21 19:00:00,94,19,21,11
2019-11-21 20:00:00,287,20,21,11
2019-11-21 21:00:00,430,21,21,11
2019-11-21 22:00:00,276,22,21,11
2019-11-21 23:00:00,4,23,21,11
2019-11-22 00:00:00,0,0,22,11
2019-11-22 01:00:00,14,1,22,11
2019-11-22 02:00:00,0,2,22,11
2019-11-22 03:00:00,0,3,22,11
2019-11-22 04:00:00,0,4,22,11
2019-11-22 05:00:00,0,5,22,11
2019-11-22 06:00:00,1804,6,22,11
2019-11-22 07:00:00,354,7,22,11
2019-11-22 08:00:00,82,8,22,11
2019-11-22 09:00:00,1856,9,22,11
2019-11-22 10:00:00,2298,10,22,11
2019-11-22 11:00:00,0,11,22,11
2019-11-22 12:00:00,0,12,22,11
2019-11-22 13:00:00,154,13,22,11
2019-11-22 14:00:00,218,14,22,11
2019-11-22 15:00:00,1017,15,22,11
2019-11-22 16:00:00,285,16,22,11
2019-11-22 17:00:00,2076,17,22,11
2019-11-22 18:00:00,1493,18,22,11
2019-11-22 19:00:00,189,19,22,11
2019-11-22 20:00:00,197,20,22,11
2019-11-22 21:00:00,168,21,22,11
2019-11-22 22:00:00,173,22,22,11
2019-11-22 23:00:00,261,23,22,11
2019-11-23 00:00:00,0,0,23,11
2019-11-23 01:00:00,0,1,23,11
2019-11-23 02:00:00,9,2,23,11
2019-11-23 03:00:00,0,3,23,11
2019-11-23 04:00:00,22,4,23,11
2019-11-23 05:00:00,0,5,23,11
2019-11-23 06:00:00,24,6,23,11
2019-11-23 07:00:00,16,7,23,11
2019-11-23 08:00:00,0,8,23,11
2019-11-23 09:00:00,40,9,23,11
2019-11-23 10:00:00,1073,10,23,11
2019-11-23 11:00:00,4950,11,23,11
2019-11-23 12:00:00,98,12,23,11
2019-11-23 13:00:00,1855,13,23,11
2019-11-23 14:00:00,2468,14,23,11
2019-11-23 15:00:00,1220,15,23,11
2019-11-23 16:00:00,833,16,23,11
2019-11-23 17:00:00,154,17,23,11
2019-11-23 18:00:00,1834,18,23,11
2019-11-23 19:00:00,468,19,23,11
2019-11-23 20:00:00,106,20,23,11
2019-11-23 21:00:00,204,21,23,11
2019-11-23 22:00:00,319,22,23,11
2019-11-23 23:00:00,263,23,23,11
2019-11-24 00:00:00,24,0,24,11
2019-11-24 01:00:00,19,1,24,11
2019-11-24 02:00:00,0,2,24,11
2019-11-24 03:00:00,0,3,24,11
2019-11-24 04:00:00,9,4,24,11
2019-11-24 05:00:00,0,5,24,11
2019-11-24 06:00:00,4,6,24,11
2019-11-24 07:00:00,7,7,24,11
2019-11-24 08:00:00,23,8,24,11
2019-11-24 09:00:00,0,9,24,11
2019-11-24 10:00:00,435,10,24,11
2019-11-24 11:00:00,412,11,24,11
2019-11-24 12:00:00,809,12,24,11
2019-11-24 13:00:00,1174,13,24,11
2019-11-24 14:00:00,2850,14,24,11
2019-11-24 15:00:00,822,15,24,11
2019-11-24 16:00:00,349,16,24,11
2019-11-24 17:00:00,959,17,24,11
2019-11-24 18:00:00,584,18,24,11
2019-11-24 19:00:00,267,19,24,11
2019-11-24 20:00:00,122,20,24,11
2019-11-24 21:00:00,118,21,24,11
2019-11-24 22:00:00,356,22,24,11
2019-11-24 23:00:00,8,23,24,11
2019-11-25 00:00:00,9,0,25,11
2019-11-25 01:00:00,0,1,25,11
2019-11-25 02:00:00,0,2,25,11
2019-11-25 03:00:00,0,3,25,11
2019-11-25 04:00:00,0,4,25,11
2019-11-25 05:00:00,26,5,25,11
2019-11-25 06:00:00,332,6,25,11
2019-11-25 07:00:00,1252,7,25,11
2019-11-25 08:00:00,10,8,25,11
2019-11-25 09:00:00,241,9,25,11
2019-11-25 10:00:00,358,10,25,11
2019-11-25 11:00:00,85,11,25,11
2019-11-25 12:00:00,613,12,25,11
2019-11-25 13:00:00,527,13,25,11
2019-11-25 14:00:00,552,14,25,11
2019-11-25 15:00:00,85,15,25,11
2019-11-25 16:00:00,0,16,25,11
2019-11-25 17:00:00,2486,17,25,11
2019-11-25 18:00:00,0,18,25,11
2019-11-25 19:00:00,1156,19,25,11
2019-11-25 20:00:00,210,20,25,11
2019-11-25 21:00:00,167,21,25,11
2019-11-25 22:00:00,263,22,25,11
2019-11-25 23:00:00,6,23,25,11
2019-11-26 00:00:00,22,0,26,11
2019-11-26 01:00:00,0,1,26,11
2019-11-26 02:00:00,0,2,26,11
2019-11-26 03:00:00,0,3,26,11
2019-11-26 04:00:00,4,4,26,11
2019-11-26 05:00:00,11,5,26,11
2019-11-26 06:00:00,964,6,26,11
2019-11-26 07:00:00,2091,7,26,11
2019-11-26 08:00:00,1228,8,26,11
2019-11-26 09:00:00,1129,9,26,11
2019-11-26 10:00:00,1984,10,26,11
2019-11-26 11:00:00,1057,11,26,11
2019-11-26 12:00:00,281,12,26,11
2019-11-26 13:00:00,415,13,26,11
2019-11-26 14:00:00,165,14,26,11
2019-11-26 15:00:00,196,15,26,11
2019-11-26 16:00:00,34,16,26,11
2019-11-26 17:00:00,1634,17,26,11
2019-11-26 18:00:00,100,18,26,11
2019-11-26 19:00:00,1053,19,26,11
2019-11-26 20:00:00,1210,20,26,11
2019-11-26 21:00:00,699,21,26,11
2019-11-26 22:00:00,275,22,26,11
2019-11-26 23:00:00,311,23,26,11
2019-11-27 00:00:00,9,0,27,11
2019-11-27 01:00:00,0,1,27,11
2019-11-27 02:00:00,29,2,27,11
2019-11-27 03:00:00,0,3,27,11
2019-11-27 04:00:00,0,4,27,11
2019-11-27 05:00:00,6,5,27,11
2019-11-27 06:00:00,0,6,27,11
2019-11-27 07:00:00,0,7,27,11
2019-11-27 08:00:00,231,8,27,11
2019-11-27 09:00:00,253,9,27,11
2019-11-27 10:00:00,185,10,27,11
2019-11-27 11:00:00,88,11,27,11
2019-11-27 12:00:00,55,12,27,11
2019-11-27 13:00:00,218,13,27,11
2019-11-27 14:00:00,245,14,27,11
2019-11-27 15:00:00,7,15,27,11
2019-11-27 16:00:00,0,16,27,11
2019-11-27 17:00:00,108,17,27,11
2019-11-27 18:00:00,14,18,27,11
2019-11-27 19:00:00,230,19,27,11
2019-11-27 20:00:00,92,20,27,11
2019-11-27 21:00:00,76,21,27,11
2019-11-27 22:00:00,269,22,27,11
2019-11-27 23:00:00,35,23,27,11
2019-11-28 00:00:00,0,0,28,11
2019-11-28 01:00:00,0,1,28,11
2019-11-28 02:00:00,0,2,28,11
2019-11-28 03:00:00,20,3,28,11
2019-11-28 04:00:00,0,4,28,11
2019-11-28 05:00:00,0,5,28,11
2019-11-28 06:00:00,929,6,28,11
2019-11-28 07:00:00,1564,7,28,11
2019-11-28 08:00:00,846,8,28,11
2019-11-28 09:00:00,418,9,28,11
2019-11-28 10:00:00,275,10,28,11
2019-11-28 11:00:00,184,11,28,11
2019-11-28 12:00:00,62,12,28,11
2019-11-28 13:00:00,102,13,28,11
2019-11-28 14:00:00,1847,14,28,11
2019-11-28 15:00:00,848,15,28,11
2019-11-28 16:00:00,53,16,28,11
2019-11-28 17:00:00,1574,17,28,11
2019-11-28 18:00:00,222,18,28,11
2019-11-28 19:00:00,862,19,28,11
2019-11-28 20:00:00,1721,20,28,11
2019-11-28 21:00:00,299,21,28,11
2019-11-28 22:00:00,467,22,28,11
2019-11-28 23:00:00,33,23,28,11
2019-11-29 00:00:00,0,0,29,11
2019-11-29 01:00:00,11,1,29,11
2019-11-29 02:00:00,0,2,29,11
2019-11-29 03:00:00,0,3,29,11
2019-11-29 04:00:00,19,4,29,11
2019-11-29 05:00:00,0,5,29,11
2019-11-29 06:00:00,0,6,29,11
2019-11-29 07:00:00,2478,7,29,11
2019-11-29 08:00:00,187,8,29,11
2019-11-29 09:00:00,0,9,29,11
2019-11-29 10:00:00,292,10,29,11
2019-11-29 11:00:00,99,11,29,11
2019-11-29 12:00:00,1319,12,29,11
2019-11-29 13:00:00,648,13,29,11
2019-11-29 14:00:00,0,14,29,11
2019-11-29 15:00:00,837,15,29,11
2019-11-29 16:00:00,1721,16,29,11
2019-11-29 17:00:00,219,17,29,11
2019-11-29 18:00:00,1122,18,29,11
2019-11-29 19:00:00,518,19,29,11
2019-11-29 20:00:00,178,20,29,11
2019-11-29 21:00:00,2823,21,29,11
2019-11-29 22:00:00,290,22,29,11
2019-11-29 23:00:00,453,23,29,11
2019-11-30 00:00:00,12,0,30,11
2019-11-30 01:00:00,0,1,30,11
2019-11-30 02:00:00,0,2,30,11
2019-11-30 03:00:00,0,3,30,11
2019-11-30 04:00:00,0,4,30,11
2019-11-30 05:00:00,0,5,30,11
2019-11-30 06:00:00,57,6,30,11
2019-11-30 07:00:00,0,7,30,11
2019-11-30 08:00:00,82,8,30,11
2019-11-30 09:00:00,26,9,30,11
2019-11-30 10:00:00,0,10,30,11
2019-11-30 11:00:00,0,11,30,11
2019-11-30 12:00:00,8,12,30,11
2019-11-30 13:00:00,0,13,30,11
2019-11-30 14:00:00,0,14,30,11
2019-11-30 15:00:00,0,15,30,11
2019-11-30 16:00:00,394,16,30,11
2019-11-30 17:00:00,50,17,30,11
2019-11-30 18:00:00,0,18,30,11
2019-11-30 19:00:00,15,19,30,11
2019-11-30 20:00:00,0,20,30,11
2019-11-30 21:00:00,0,21,30,11
2019-11-30 22:00:00,0,22,30,11
2019-11-30 23:00:00,0,23,30,11
2019-12-01 00:00:00,0,0,1,12
2019-12-01 01:00:00,0,1,1,12
2019-12-01 02:00:00,0,2,1,12
2019-12-01 03:00:00,0,3,1,12
2019-12-01 04:00:00,0,4,1,12
2019-12-01 05:00:00,0,5,1,12
2019-12-01 06:00:00,0,6,1,12
2019-12-01 07:00:00,0,7,1,12
2019-12-01 08:00:00,0,8,1,12
2019-12-01 09:00:00,381,9,1,12
2019-12-01 10:00:00,263,10,1,12
2019-12-01 11:00:00,956,11,1,12
2019-12-01 12:00:00,834,12,1,12
2019-12-01 13:00:00,1451,13,1,12
2019-12-01 14:00:00,115,14,1,12
2019-12-01 15:00:00,173,15,1,12
2019-12-01 16:00:00,1304,16,1,12
2019-12-01 17:00:00,1236,17,1,12
2019-12-01 18:00:00,843,18,1,12
2019-12-01 19:00:00,317,19,1,12
2019-12-01 20:00:00,162,20,1,12
2019-12-01 21:00:00,290,21,1,12
2019-12-01 22:00:00,21,22,1,12
2019-12-01 23:00:00,0,23,1,12
2019-12-02 00:00:00,0,0,2,12
2019-12-02 01:00:00,0,1,2,12
2019-12-02 02:00:00,0,2,2,12
2019-12-02 03:00:00,0,3,2,12
2019-12-02 04:00:00,0,4,2,12
2019-12-02 05:00:00,0,5,2,12
2019-12-02 06:00:00,821,6,2,12
2019-12-02 07:00:00,2307,7,2,12
2019-12-02 08:00:00,108,8,2,12
2019-12-02 09:00:00,421,9,2,12
2019-12-02 10:00:00,417,10,2,12
2019-12-02 11:00:00,9,11,2,12
2019-12-02 12:00:00,237,12,2,12
2019-12-02 13:00:00,24,13,2,12
2019-12-02 14:00:00,1469,14,2,12
2019-12-02 15:00:00,1145,15,2,12
2019-12-02 16:00:00,1069,16,2,12
2019-12-02 17:00:00,91,17,2,12
2019-12-02 18:00:00,2741,18,2,12
2019-12-02 19:00:00,590,19,2,12
2019-12-02 20:00:00,929,20,2,12
2019-12-02 21:00:00,100,21,2,12
2019-12-02 22:00:00,206,22,2,12
2019-12-02 23:00:00,0,23,2,12
2019-12-03 00:00:00,4,0,3,12
2019-12-03 01:00:00,0,1,3,12
2019-12-03 02:00:00,0,2,3,12
2019-12-03 03:00:00,0,3,3,12
2019-12-03 04:00:00,0,4,3,12
2019-12-03 05:00:00,0,5,3,12
2019-12-03 06:00:00,513,6,3,12
2019-12-03 07:00:00,1213,7,3,12
2019-12-03 08:00:00,176,8,3,12
2019-12-03 09:00:00,569,9,3,12
2019-12-03 10:00:00,501,10,3,12
2019-12-03 11:00:00,269,11,3,12
2019-12-03 12:00:00,119,12,3,12
2019-12-03 13:00:00,153,13,3,12
2019-12-03 14:00:00,251,14,3,12
2019-12-03 15:00:00,693,15,3,12
2019-12-03 16:00:00,1116,16,3,12
2019-12-03 17:00:00,1824,17,3,12
2019-12-03 18:00:00,1684,18,3,12
2019-12-03 19:00:00,466,19,3,12
2019-12-03 20:00:00,39,20,3,12
2019-12-03 21:00:00,159,21,3,12
2019-12-03 22:00:00,294,22,3,12
2019-12-03 23:00:00,14,23,3,12
2019-12-04 00:00:00,9,0,4,12
2019-12-04 01:00:00,0,1,4,12
2019-12-04 02:00:00,0,2,4,12
2019-12-04 03:00:00,0,3,4,12
2019-12-04 04:00:00,0,4,4,12
2019-12-04 05:00:00,0,5,4,12
2019-12-04 06:00:00,1026,6,4,12
2019-12-04 07:00:00,1739,7,4,12
2019-12-04 08:00:00,290,8,4,12
2019-12-04 09:00:00,245,9,4,12
2019-12-04 10:00:00,177,10,4,12
2019-12-04 11:00:00,845,11,4,12
2019-12-04 12:00:00,122,12,4,12
2019-12-04 13:00:00,343,13,4,12
2019-12-04 14:00:00,42,14,4,12
2019-12-04 15:00:00,41,15,4,12
2019-12-04 16:00:00,2112,16,4,12
2019-12-04 17:00:00,50,17,4,12
2019-12-04 18:00:00,98,18,4,12
2019-12-04 19:00:00,1829,19,4,12
2019-12-04 20:00:00,1622,20,4,12
2019-12-04 21:00:00,72,21,4,12
2019-12-04 22:00:00,218,22,4,12
2019-12-04 23:00:00,0,23,4,12
2019-12-05 00:00:00,0,0,5,12
2019-12-05 01:00:00,4,1,5,12
2019-12-05 02:00:00,0,2,5,12
2019-12-05 03:00:00,5,3,5,12
2019-12-05 04:00:00,0,4,5,12
2019-12-05 05:00:00,23,5,5,12
2019-12-05 06:00:00,8,6,5,12
2019-12-05 07:00:00,44,7,5,12
2019-12-05 08:00:00,2339,8,5,12
2019-12-05 09:00:00,68,9,5,12
2019-12-05 10:00:00,1585,10,5,12
2019-12-05 11:00:00,323,11,5,12
2019-12-05 12:00:00,358,12,5,12
2019-12-05 13:00:00,610,13,5,12
2019-12-05 14:00:00,794,14,5,12
2019-12-05 15:00:00,1206,15,5,12
2019-12-05 16:00:00,287,16,5,12
2019-12-05 17:00:00,275,17,5,12
2019-12-05 18:00:00,98,18,5,12
2019-12-05 19:00:00,3535,19,5,12
2019-12-05 20:00:00,607,20,5,12
2019-12-05 21:00:00,116,21,5,12
2019-12-05 22:00:00,268,22,5,12
2019-12-05 23:00:00,110,23,5,12
2019-12-06 00:00:00,45,0,6,12
2019-12-06 01:00:00,22,1,6,12
2019-12-06 02:00:00,61,2,6,12
2019-12-06 03:00:00,0,3,6,12
2019-12-06 04:00:00,0,4,6,12
2019-12-06 05:00:00,0,5,6,12
2019-12-06 06:00:00,0,6,6,12
2019-12-06 07:00:00,6,7,6,12
2019-12-06 08:00:00,1462,8,6,12
2019-12-06 09:00:00,163,9,6,12
2019-12-06 10:00:00,232,10,6,12
2019-12-06 11:00:00,2562,11,6,12
2019-12-06 12:00:00,1967,12,6,12
2019-12-06 13:00:00,2152,13,6,12
2019-12-06 14:00:00,324,14,6,12
2019-12-06 15:00:00,362,15,6,12
2019-12-06 16:00:00,731,16,6,12
2019-12-06 17:00:00,1510,17,6,12
2019-12-06 18:00:00,192,18,6,12
2019-12-06 19:00:00,58,19,6,12
2019-12-06 20:00:00,204,20,6,12
2019-12-06 21:00:00,49,21,6,12
2019-12-06 22:00:00,1740,22,6,12
2019-12-06 23:00:00,130,23,6,12
2019-12-07 00:00:00,59,0,7,12
2019-12-07 01:00:00,0,1,7,12
2019-12-07 02:00:00,0,2,7,12
2019-12-07 03:00:00,0,3,7,12
2019-12-07 04:00:00,0,4,7,12
2019-12-07 05:00:00,0,5,7,12
2019-12-07 06:00:00,0,6,7,12
2019-12-07 07:00:00,0,7,7,12
2019-12-07 08:00:00,23,8,7,12
2019-12-07 09:00:00,0,9,7,12
2019-12-07 10:00:00,0,10,7,12
2019-12-07 11:00:00,441,11,7,12
2019-12-07 12:00:00,42,12,7,12
2019-12-07 13:00:00,2517,13,7,12
2019-12-07 14:00:00,3300,14,7,12
2019-12-07 15:00:00,1728,15,7,12
2019-12-07 16:00:00,2932,16,7,12
2019-12-07 17:00:00,1806,17,7,12
2019-12-07 18:00:00,1753,18,7,12
2019-12-07 19:00:00,1779,19,7,12
2019-12-07 20:00:00,75,20,7,12
2019-12-07 21:00:00,135,21,7,12
2019-12-07 22:00:00,223,22,7,12
2019-12-07 23:00:00,332,23,7,12
2019-12-08 00:00:00,212,0,8,12
2019-12-08 01:00:00,49,1,8,12
2019-12-08 02:00:00,5,2,8,12
2019-12-08 03:00:00,9,3,8,12
2019-12-08 04:00:00,8,4,8,12
2019-12-08 05:00:00,0,5,8,12
2019-12-08 06:00:00,0,6,8,12
2019-12-08 07:00:00,0,7,8,12
2019-12-08 08:00:00,25,8,8,12
2019-12-08 09:00:00,188,9,8,12
2019-12-08 10:00:00,156,10,8,12
2019-12-08 11:00:00,517,11,8,12
2019-12-08 12:00:00,2773,12,8,12
2019-12-08 13:00:00,4166,13,8,12
2019-12-08 14:00:00,3299,14,8,12
2019-12-08 15:00:00,1748,15,8,12
2019-12-08 16:00:00,3128,16,8,12
2019-12-08 17:00:00,1254,17,8,12
2019-12-08 18:00:00,1136,18,8,12
2019-12-08 19:00:00,810,19,8,12
2019-12-08 20:00:00,297,20,8,12
2019-12-08 21:00:00,13,21,8,12
2019-12-08 22:00:00,316,22,8,12
2019-12-08 23:00:00,84,23,8,12
2019-12-09 00:00:00,19,0,9,12
2019-12-09 01:00:00,5,1,9,12
2019-12-09 02:00:00,0,2,9,12
2019-12-09 03:00:00,0,3,9,12
2019-12-09 04:00:00,6,4,9,12
2019-12-09 05:00:00,16,5,9,12
2019-12-09 06:00:00,555,6,9,12
2019-12-09 07:00:00,1654,7,9,12
2019-12-09 08:00:00,642,8,9,12
2019-12-09 09:00:00,161,9,9,12
2019-12-09 10:00:00,775,10,9,12
2019-12-09 11:00:00,1009,11,9,12
2019-12-09 12:00:00,69,12,9,12
2019-12-09 13:00:00,46,13,9,12
2019-12-09 14:00:00,282,14,9,12
2019-12-09 15:00:00,1719,15,9,12
2019-12-09 16:00:00,1669,16,9,12
2019-12-09 17:00:00,398,17,9,12
2019-12-09 18:00:00,213,18,9,12
2019-12-09 19:00:00,5,19,9,12
2019-12-09 20:00:00,154,20,9,12
2019-12-09 21:00:00,76,21,9,12
2019-12-09 22:00:00,403,22,9,12
2019-12-09 23:00:00,5,23,9,12
2019-12-10 00:00:00,66,0,10,12
2019-12-10 01:00:00,7,1,10,12
2019-12-10 02:00:00,0,2,10,12
2019-12-10 03:00:00,0,3,10,12
2019-12-10 04:00:00,0,4,10,12
2019-12-10 05:00:00,0,5,10,12
2019-12-10 06:00:00,0,6,10,12
2019-12-10 07:00:00,10,7,10,12
2019-12-10 08:00:00,1084,8,10,12
2019-12-10 09:00:00,854,9,10,12
2019-12-10 10:00:00,765,10,10,12
2019-12-10 11:00:00,31,11,10,12
2019-12-10 12:00:00,91,12,10,12
2019-12-10 13:00:00,921,13,10,12
2019-12-10 14:00:00,1226,14,10,12
2019-12-10 15:00:00,459,15,10,12
2019-12-10 16:00:00,1557,16,10,12
2019-12-10 17:00:00,4075,17,10,12
2019-12-10 18:00:00,2899,18,10,12
2019-12-10 19:00:00,300,19,10,12
2019-12-10 20:00:00,207,20,10,12
2019-12-10 21:00:00,104,21,10,12
2019-12-10 22:00:00,221,22,10,12
2019-12-10 23:00:00,34,23,10,12
2019-12-11 00:00:00,51,0,11,12
2019-12-11 01:00:00,23,1,11,12
2019-12-11 02:00:00,0,2,11,12
2019-12-11 03:00:00,0,3,11,12
2019-12-11 04:00:00,0,4,11,12
2019-12-11 05:00:00,0,5,11,12
2019-12-11 06:00:00,0,6,11,12
2019-12-11 07:00:00,1071,7,11,12
2019-12-11 08:00:00,610,8,11,12
2019-12-11 09:00:00,196,9,11,12
2019-12-11 10:00:00,350,10,11,12
2019-12-11 11:00:00,153,11,11,12
2019-12-11 12:00:00,159,12,11,12
2019-12-11 13:00:00,403,13,11,12
2019-12-11 14:00:00,269,14,11,12
2019-12-11 15:00:00,45,15,11,12
2019-12-11 16:00:00,30,16,11,12
2019-12-11 17:00:00,2153,17,11,12
2019-12-11 18:00:00,646,18,11,12
2019-12-11 19:00:00,7,19,11,12
2019-12-11 20:00:00,33,20,11,12
2019-12-11 21:00:00,137,21,11,12
2019-12-11 22:00:00,14,22,11,12
2019-12-11 23:00:00,384,23,11,12
2019-12-12 00:00:00,40,0,12,12
2019-12-12 01:00:00,6,1,12,12
2019-12-12 02:00:00,0,2,12,12
2019-12-12 03:00:00,0,3,12,12
2019-12-12 04:00:00,0,4,12,12
2019-12-12 05:00:00,0,5,12,12
2019-12-12 06:00:00,6,6,12,12
2019-12-12 07:00:00,0,7,12,12
2019-12-12 08:00:00,174,8,12,12
2019-12-12 09:00:00,0,9,12,12
2019-12-12 10:00:00,0,10,12,12
2019-12-12 11:00:00,1349,11,12,12
2019-12-12 12:00:00,1047,12,12,12
2019-12-12 13:00:00,977,13,12,12
2019-12-12 14:00:00,419,14,12,12
2019-12-12 15:00:00,29,15,12,12
2019-12-12 16:00:00,22,16,12,12
2019-12-12 17:00:00,425,17,12,12
2019-12-12 18:00:00,692,18,12,12
2019-12-12 19:00:00,1193,19,12,12
2019-12-12 20:00:00,216,20,12,12
2019-12-12 21:00:00,1390,21,12,12
2019-12-12 22:00:00,434,22,12,12
2019-12-12 23:00:00,0,23,12,12
2019-12-13 00:00:00,0,0,13,12
2019-12-13 01:00:00,0,1,13,12
2019-12-13 02:00:00,0,2,13,12
2019-12-13 03:00:00,23,3,13,12
2019-12-13 04:00:00,0,4,13,12
2019-12-13 05:00:00,0,5,13,12
2019-12-13 06:00:00,13,6,13,12
2019-12-13 07:00:00,19,7,13,12
2019-12-13 08:00:00,823,8,13,12
2019-12-13 09:00:00,2319,9,13,12
2019-12-13 10:00:00,2122,10,13,12
2019-12-13 11:00:00,4238,11,13,12
2019-12-13 12:00:00,807,12,13,12
2019-12-13 13:00:00,777,13,13,12
2019-12-13 14:00:00,3419,14,13,12
2019-12-13 15:00:00,173,15,13,12
2019-12-13 16:00:00,1266,16,13,12
2019-12-13 17:00:00,592,17,13,12
2019-12-13 18:00:00,813,18,13,12
2019-12-13 19:00:00,97,19,13,12
2019-12-13 20:00:00,1447,20,13,12
2019-12-13 21:00:00,1355,21,13,12
2019-12-13 22:00:00,943,22,13,12
2019-12-13 23:00:00,90,23,13,12
2019-12-14 00:00:00,0,0,14,12
2019-12-14 01:00:00,16,1,14,12
2019-12-14 02:00:00,0,2,14,12
2019-12-14 03:00:00,0,3,14,12
2019-12-14 04:00:00,0,4,14,12
2019-12-14 05:00:00,10,5,14,12
2019-12-14 06:00:00,0,6,14,12
2019-12-14 07:00:00,12,7,14,12
2019-12-14 08:00:00,9,8,14,12
2019-12-14 09:00:00,943,9,14,12
2019-12-14 10:00:00,1148,10,14,12
2019-12-14 11:00:00,2185,11,14,12
2019-12-14 12:00:00,2211,12,14,12
2019-12-14 13:00:00,3477,13,14,12
2019-12-14 14:00:00,112,14,14,12
2019-12-14 15:00:00,1493,15,14,12
2019-12-14 16:00:00,807,16,14,12
2019-12-14 17:00:00,2153,17,14,12
2019-12-14 18:00:00,646,18,14,12
2019-12-14 19:00:00,505,19,14,12
2019-12-14 20:00:00,964,20,14,12
2019-12-14 21:00:00,1544,21,14,12
2019-12-14 22:00:00,403,22,14,12
2019-12-14 23:00:00,0,23,14,12
2019-12-15 00:00:00,7,0,15,12
2019-12-15 01:00:00,0,1,15,12
2019-12-15 02:00:00,4,2,15,12
2019-12-15 03:00:00,0,3,15,12
2019-12-15 04:00:00,0,4,15,12
2019-12-15 05:00:00,0,5,15,12
2019-12-15 06:00:00,0,6,15,12
2019-12-15 07:00:00,380,7,15,12
2019-12-15 08:00:00,508,8,15,12
2019-12-15 09:00:00,813,9,15,12
2019-12-15 10:00:00,772,10,15,12
2019-12-15 11:00:00,474,11,15,12
2019-12-15 12:00:00,37,12,15,12
2019-12-15 13:00:00,147,13,15,12
2019-12-15 14:00:00,1513,14,15,12
2019-12-15 15:00:00,1954,15,15,12
2019-12-15 16:00:00,1253,16,15,12
2019-12-15 17:00:00,187,17,15,12
2019-12-15 18:00:00,217,18,15,12
2019-12-15 19:00:00,118,19,15,12
2019-12-15 20:00:00,136,20,15,12
2019-12-15 21:00:00,420,21,15,12
2019-12-15 22:00:00,14,22,15,12
2019-12-15 23:00:00,34,23,15,12
2019-12-16 00:00:00,0,0,16,12
2019-12-16 01:00:00,0,1,16,12
2019-12-16 02:00:00,9,2,16,12
2019-12-16 03:00:00,0,3,16,12
2019-12-16 04:00:00,11,4,16,12
2019-12-16 05:00:00,90,5,16,12
2019-12-16 06:00:00,52,6,16,12
2019-12-16 07:00:00,0,7,16,12
2019-12-16 08:00:00,0,8,16,12
2019-12-16 09:00:00,0,9,16,12
2019-12-16 10:00:00,0,10,16,12
2019-12-16 11:00:00,242,11,16,12
2019-12-16 12:00:00,186,12,16,12
2019-12-16 13:00:00,411,13,16,12
2019-12-16 14:00:00,144,14,16,12
2019-12-16 15:00:00,362,15,16,12
2019-12-16 16:00:00,179,16,16,12
2019-12-16 17:00:00,81,17,16,12
2019-12-16 18:00:00,66,18,16,12
2019-12-16 19:00:00,71,19,16,12
2019-12-16 20:00:00,330,20,16,12
2019-12-16 21:00:00,362,21,16,12
2019-12-16 22:00:00,142,22,16,12
2019-12-16 23:00:00,702,23,16,12
2019-12-17 00:00:00,31,0,17,12
2019-12-17 01:00:00,43,1,17,12
2019-12-17 02:00:00,0,2,17,12
2019-12-17 03:00:00,8,3,17,12
2019-12-17 04:00:00,48,4,17,12
2019-12-17 05:00:00,0,5,17,12
2019-12-17 06:00:00,0,6,17,12
2019-12-17 07:00:00,48,7,17,12
2019-12-17 08:00:00,6,8,17,12
2019-12-17 09:00:00,134,9,17,12
2019-12-17 10:00:00,1339,10,17,12
2019-12-17 11:00:00,3133,11,17,12
2019-12-17 12:00:00,9,12,17,12
2019-12-17 13:00:00,190,13,17,12
2019-12-17 14:00:00,237,14,17,12
2019-12-17 15:00:00,392,15,17,12
2019-12-17 16:00:00,10,16,17,12
2019-12-17 17:00:00,37,17,17,12
2019-12-17 18:00:00,313,18,17,12
2019-12-17 19:00:00,127,19,17,12
2019-12-17 20:00:00,55,20,17,12
2019-12-17 21:00:00,157,21,17,12
2019-12-17 22:00:00,234,22,17,12
2019-12-17 23:00:00,233,23,17,12
2019-12-18 00:00:00,82,0,18,12
2019-12-18 01:00:00,8,1,18,12
2019-12-18 02:00:00,0,2,18,12
2019-12-18 03:00:00,0,3,18,12
2019-12-18 04:00:00,8,4,18,12
2019-12-18 05:00:00,0,5,18,12
2019-12-18 06:00:00,0,6,18,12
2019-12-18 07:00:00,0,7,18,12
2019-12-18 08:00:00,139,8,18,12
2019-12-18 09:00:00,135,9,18,12
2019-12-18 10:00:00,0,10,18,12
2019-12-18 11:00:00,125,11,18,12
2019-12-18 12:00:00,166,12,18,12
2019-12-18 13:00:00,249,13,18,12
2019-12-18 14:00:00,255,14,18,12
2019-12-18 15:00:00,1237,15,18,12
2019-12-18 16:00:00,1011,16,18,12
2019-12-18 17:00:00,694,17,18,12
2019-12-18 18:00:00,1543,18,18,12
2019-12-18 19:00:00,179,19,18,12
2019-12-18 20:00:00,623,20,18,12
2019-12-18 21:00:00,28,21,18,12
2019-12-18 22:00:00,527,22,18,12
2019-12-18 23:00:00,0,23,18,12
2019-12-19 00:00:00,21,0,19,12
2019-12-19 01:00:00,38,1,19,12
2019-12-19 02:00:00,5,2,19,12
2019-12-19 03:00:00,0,3,19,12
2019-12-19 04:00:00,0,4,19,12
2019-12-19 05:00:00,32,5,19,12
2019-12-19 06:00:00,0,6,19,12
2019-12-19 07:00:00,1889,7,19,12
2019-12-19 08:00:00,428,8,19,12
2019-12-19 09:00:00,173,9,19,12
2019-12-19 10:00:00,1093,10,19,12
2019-12-19 11:00:00,1639,11,19,12
2019-12-19 12:00:00,1307,12,19,12
2019-12-19 13:00:00,125,13,19,12
2019-12-19 14:00:00,64,14,19,12
2019-12-19 15:00:00,168,15,19,12
2019-12-19 16:00:00,2487,16,19,12
2019-12-19 17:00:00,818,17,19,12
2019-12-19 18:00:00,321,18,19,12
2019-12-19 19:00:00,259,19,19,12
2019-12-19 20:00:00,111,20,19,12
2019-12-19 21:00:00,111,21,19,12
2019-12-19 22:00:00,303,22,19,12
2019-12-19 23:00:00,0,23,19,12
2019-12-20 00:00:00,0,0,20,12
2019-12-20 01:00:00,30,1,20,12
2019-12-20 02:00:00,0,2,20,12
2019-12-20 03:00:00,19,3,20,12
2019-12-20 04:00:00,0,4,20,12
2019-12-20 05:00:00,0,5,20,12
2019-12-20 06:00:00,0,6,20,12
2019-12-20 07:00:00,446,7,20,12
2019-12-20 08:00:00,1809,8,20,12
2019-12-20 09:00:00,490,9,20,12
2019-12-20 10:00:00,365,10,20,12
2019-12-20 11:00:00,1001,11,20,12
2019-12-20 12:00:00,119,12,20,12
2019-12-20 13:00:00,536,13,20,12
2019-12-20 14:00:00,2771,14,20,12
2019-12-20 15:00:00,496,15,20,12
2019-12-20 16:00:00,1535,16,20,12
2019-12-20 17:00:00,960,17,20,12
2019-12-20 18:00:00,249,18,20,12
2019-12-20 19:00:00,254,19,20,12
2019-12-20 20:00:00,154,20,20,12
2019-12-20 21:00:00,167,21,20,12
2019-12-20 22:00:00,473,22,20,12
2019-12-20 23:00:00,67,23,20,12
2019-12-21 00:00:00,273,0,21,12
2019-12-21 01:00:00,0,1,21,12
2019-12-21 02:00:00,17,2,21,12
2019-12-21 03:00:00,0,3,21,12
2019-12-21 04:00:00,0,4,21,12
2019-12-21 05:00:00,0,5,21,12
2019-12-21 06:00:00,14,6,21,12
2019-12-21 07:00:00,6,7,21,12
2019-12-21 08:00:00,18,8,21,12
2019-12-21 09:00:00,125,9,21,12
2019-12-21 10:00:00,1072,10,21,12
2019-12-21 11:00:00,2380,11,21,12
2019-12-21 12:00:00,1435,12,21,12
2019-12-21 13:00:00,1453,13,21,12
2019-12-21 14:00:00,1456,14,21,12
2019-12-21 15:00:00,1512,15,21,12
2019-12-21 16:00:00,917,16,21,12
2019-12-21 17:00:00,1719,17,21,12
2019-12-21 18:00:00,1180,18,21,12
2019-12-21 19:00:00,917,19,21,12
2019-12-21 20:00:00,269,20,21,12
2019-12-21 21:00:00,335,21,21,12
2019-12-21 22:00:00,201,22,21,12
2019-12-21 23:00:00,401,23,21,12
2019-12-22 00:00:00,8,0,22,12
2019-12-22 01:00:00,0,1,22,12
2019-12-22 02:00:00,0,2,22,12
2019-12-22 03:00:00,0,3,22,12
2019-12-22 04:00:00,0,4,22,12
2019-12-22 05:00:00,42,5,22,12
2019-12-22 06:00:00,0,6,22,12
2019-12-22 07:00:00,7,7,22,12
2019-12-22 08:00:00,59,8,22,12
2019-12-22 09:00:00,8,9,22,12
2019-12-22 10:00:00,140,10,22,12
2019-12-22 11:00:00,2593,11,22,12
2019-12-22 12:00:00,142,12,22,12
2019-12-22 13:00:00,189,13,22,12
2019-12-22 14:00:00,3914,14,22,12
2019-12-22 15:00:00,624,15,22,12
2019-12-22 16:00:00,446,16,22,12
2019-12-22 17:00:00,1490,17,22,12
2019-12-22 18:00:00,758,18,22,12
2019-12-22 19:00:00,1295,19,22,12
2019-12-22 20:00:00,384,20,22,12
2019-12-22 21:00:00,313,21,22,12
2019-12-22 22:00:00,180,22,22,12
2019-12-22 23:00:00,380,23,22,12
2019-12-23 00:00:00,0,0,23,12
2019-12-23 01:00:00,0,1,23,12
2019-12-23 02:00:00,0,2,23,12
2019-12-23 03:00:00,0,3,23,12
2019-12-23 04:00:00,0,4,23,12
2019-12-23 05:00:00,0,5,23,12
2019-12-23 06:00:00,0,6,23,12
2019-12-23 07:00:00,0,7,23,12
2019-12-23 08:00:00,0,8,23,12
2019-12-23 09:00:00,1016,9,23,12
2019-12-23 10:00:00,617,10,23,12
2019-12-23 11:00:00,421,11,23,12
2019-12-23 12:00:00,2973,12,23,12
2019-12-23 13:00:00,2110,13,23,12
2019-12-23 14:00:00,2869,14,23,12
2019-12-23 15:00:00,1405,15,23,12
2019-12-23 16:00:00,479,16,23,12
2019-12-23 17:00:00,837,17,23,12
2019-12-23 18:00:00,1063,18,23,12
2019-12-23 19:00:00,1127,19,23,12
2019-12-23 20:00:00,241,20,23,12
2019-12-23 21:00:00,588,21,23,12
2019-12-23 22:00:00,101,22,23,12
2019-12-23 23:00:00,262,23,23,12
2019-12-24 00:00:00,0,0,24,12
2019-12-24 01:00:00,5,1,24,12
2019-12-24 02:00:00,0,2,24,12
2019-12-24 03:00:00,0,3,24,12
2019-12-24 04:00:00,0,4,24,12
2019-12-24 05:00:00,38,5,24,12
2019-12-24 06:00:00,0,6,24,12
2019-12-24 07:00:00,0,7,24,12
2019-12-24 08:00:00,28,8,24,12
2019-12-24 09:00:00,927,9,24,12
2019-12-24 10:00:00,2882,10,24,12
2019-12-24 11:00:00,2827,11,24,12
2019-12-24 12:00:00,1125,12,24,12
2019-12-24 13:00:00,1126,13,24,12
2019-12-24 14:00:00,1580,14,24,12
2019-12-24 15:00:00,1596,15,24,12
2019-12-24 16:00:00,0,16,24,12
2019-12-24 17:00:00,0,17,24,12
2019-12-24 18:00:00,0,18,24,12
2019-12-24 19:00:00,0,19,24,12
2019-12-24 20:00:00,0,20,24,12
2019-12-24 21:00:00,0,21,24,12
2019-12-24 22:00:00,0,22,24,12
2019-12-24 23:00:00,0,23,24,12
2019-12-25 00:00:00,0,0,25,12
2019-12-25 01:00:00,0,1,25,12
2019-12-25 02:00:00,0,2,25,12
2019-12-25 03:00:00,0,3,25,12
2019-12-25 04:00:00,0,4,25,12
2019-12-25 05:00:00,0,5,25,12
2019-12-25 06:00:00,0,6,25,12
2019-12-25 07:00:00,0,7,25,12
2019-12-25 08:00:00,0,8,25,12
2019-12-25 09:00:00,0,9,25,12
2019-12-25 10:00:00,0,10,25,12
2019-12-25 11:00:00,0,11,25,12
2019-12-25 12:00:00,0,12,25,12
2019-12-25 13:00:00,0,13,25,12
2019-12-25 14:00:00,358,14,25,12
2019-12-25 15:00:00,415,15,25,12
2019-12-25 16:00:00,305,16,25,12
2019-12-25 17:00:00,187,17,25,12
2019-12-25 18:00:00,215,18,25,12
2019-12-25 19:00:00,100,19,25,12
2019-12-25 20:00:00,94,20,25,12
2019-12-25 21:00:00,69,21,25,12
2019-12-25 22:00:00,139,22,25,12
2019-12-25 23:00:00,485,23,25,12
2019-12-26 00:00:00,0,0,26,12
2019-12-26 01:00:00,0,1,26,12
2019-12-26 02:00:00,0,2,26,12
2019-12-26 03:00:00,0,3,26,12
2019-12-26 04:00:00,0,4,26,12
2019-12-26 05:00:00,0,5,26,12
2019-12-26 06:00:00,0,6,26,12
2019-12-26 07:00:00,0,7,26,12
2019-12-26 08:00:00,0,8,26,12
2019-12-26 09:00:00,0,9,26,12
2019-12-26 10:00:00,275,10,26,12
2019-12-26 11:00:00,509,11,26,12
2019-12-26 12:00:00,681,12,26,12
2019-12-26 13:00:00,982,13,26,12
2019-12-26 14:00:00,187,14,26,12
2019-12-26 15:00:00,172,15,26,12
2019-12-26 16:00:00,94,16,26,12
2019-12-26 17:00:00,230,17,26,12
2019-12-26 18:00:00,320,18,26,12
2019-12-26 19:00:00,70,19,26,12
2019-12-26 20:00:00,1021,20,26,12
2019-12-26 21:00:00,82,21,26,12
2019-12-26 22:00:00,217,22,26,12
2019-12-26 23:00:00,75,23,26,12
2019-12-27 00:00:00,267,0,27,12
2019-12-27 01:00:00,14,1,27,12
2019-12-27 02:00:00,25,2,27,12
2019-12-27 03:00:00,0,3,27,12
2019-12-27 04:00:00,0,4,27,12
2019-12-27 05:00:00,0,5,27,12
2019-12-27 06:00:00,9,6,27,12
2019-12-27 07:00:00,96,7,27,12
2019-12-27 08:00:00,31,8,27,12
2019-12-27 09:00:00,91,9,27,12
2019-12-27 10:00:00,490,10,27,12
2019-12-27 11:00:00,1893,11,27,12
2019-12-27 12:00:00,711,12,27,12
2019-12-27 13:00:00,1930,13,27,12
2019-12-27 14:00:00,67,14,27,12
2019-12-27 15:00:00,61,15,27,12
2019-12-27 16:00:00,691,16,27,12
2019-12-27 17:00:00,189,17,27,12
2019-12-27 18:00:00,830,18,27,12
2019-12-27 19:00:00,14,19,27,12
2019-12-27 20:00:00,1045,20,27,12
2019-12-27 21:00:00,639,21,27,12
2019-12-27 22:00:00,299,22,27,12
2019-12-27 23:00:00,46,23,27,12
2019-12-28 00:00:00,11,0,28,12
2019-12-28 01:00:00,12,1,28,12
2019-12-28 02:00:00,40,2,28,12
2019-12-28 03:00:00,0,3,28,12
2019-12-28 04:00:00,0,4,28,12
2019-12-28 05:00:00,18,5,28,12
2019-12-28 06:00:00,24,6,28,12
2019-12-28 07:00:00,408,7,28,12
2019-12-28 08:00:00,373,8,28,12
2019-12-28 09:00:00,2055,9,28,12
2019-12-28 10:00:00,858,10,28,12
2019-12-28 11:00:00,860,11,28,12
2019-12-28 12:00:00,1564,12,28,12
2019-12-28 13:00:00,2340,13,28,12
2019-12-28 14:00:00,1413,14,28,12
2019-12-28 15:00:00,1013,15,28,12
2019-12-28 16:00:00,1712,16,28,12
2019-12-28 17:00:00,368,17,28,12
2019-12-28 18:00:00,292,18,28,12
2019-12-28 19:00:00,224,19,28,12
2019-12-28 20:00:00,26,20,28,12
2019-12-28 21:00:00,147,21,28,12
2019-12-28 22:00:00,426,22,28,12
2019-12-28 23:00:00,0,23,28,12
2019-12-29 00:00:00,0,0,29,12
2019-12-29 01:00:00,0,1,29,12
2019-12-29 02:00:00,9,2,29,12
2019-12-29 03:00:00,27,3,29,12
2019-12-29 04:00:00,8,4,29,12
2019-12-29 05:00:00,8,5,29,12
2019-12-29 06:00:00,0,6,29,12
2019-12-29 07:00:00,604,7,29,12
2019-12-29 08:00:00,196,8,29,12
2019-12-29 09:00:00,1817,9,29,12
2019-12-29 10:00:00,1221,10,29,12
2019-12-29 11:00:00,1349,11,29,12
2019-12-29 12:00:00,1106,12,29,12
2019-12-29 13:00:00,1583,13,29,12
2019-12-29 14:00:00,886,14,29,12
2019-12-29 15:00:00,945,15,29,12
2019-12-29 16:00:00,1588,16,29,12
2019-12-29 17:00:00,745,17,29,12
2019-12-29 18:00:00,466,18,29,12
2019-12-29 19:00:00,438,19,29,12
2019-12-29 20:00:00,196,20,29,12
2019-12-29 21:00:00,34,21,29,12
2019-12-29 22:00:00,246,22,29,12
2019-12-29 23:00:00,252,23,29,12
2019-12-30 00:00:00,0,0,30,12
2019-12-30 01:00:00,0,1,30,12
2019-12-30 02:00:00,5,2,30,12
2019-12-30 03:00:00,30,3,30,12
2019-12-30 04:00:00,13,4,30,12
2019-12-30 05:00:00,20,5,30,12
2019-12-30 06:00:00,0,6,30,12
2019-12-30 07:00:00,6,7,30,12
2019-12-30 08:00:00,16,8,30,12
2019-12-30 09:00:00,0,9,30,12
2019-12-30 10:00:00,854,10,30,12
2019-12-30 11:00:00,448,11,30,12
2019-12-30 12:00:00,3083,12,30,12
2019-12-30 13:00:00,1702,13,30,12
2019-12-30 14:00:00,1080,14,30,12
2019-12-30 15:00:00,188,15,30,12
2019-12-30 16:00:00,520,16,30,12
2019-12-30 17:00:00,1368,17,30,12
2019-12-30 18:00:00,463,18,30,12
2019-12-30 19:00:00,80,19,30,12
2019-12-30 20:00:00,228,20,30,12
2019-12-30 21:00:00,116,21,30,12
2019-12-30 22:00:00,295,22,30,12
2019-12-30 23:00:00,48,23,30,12
2019-12-31 00:00:00,8,0,31,12
2019-12-31 01:00:00,15,1,31,12
2019-12-31 02:00:00,4,2,31,12
2019-12-31 03:00:00,7,3,31,12
2019-12-31 04:00:00,0,4,31,12
2019-12-31 05:00:00,0,5,31,12
2019-12-31 06:00:00,7,6,31,12
2019-12-31 07:00:00,8,7,31,12
2019-12-31 08:00:00,0,8,31,12
2019-12-31 09:00:00,115,9,31,12
2019-12-31 10:00:00,535,10,31,12
2019-12-31 11:00:00,2423,11,31,12
2019-12-31 12:00:00,2349,12,31,12
2019-12-31 13:00:00,1045,13,31,12
2019-12-31 14:00:00,205,14,31,12
2019-12-31 15:00:00,1045,15,31,12
2019-12-31 16:00:00,678,16,31,12
2019-12-31 17:00:00,708,17,31,12
2019-12-31 18:00:00,587,18,31,12
2019-12-31 19:00:00,1002,19,31,12
2019-12-31 20:00:00,59,20,31,12
2019-12-31 21:00:00,467,21,31,12
2019-12-31 22:00:00,510,22,31,12
2019-12-31 23:00:00,118,23,31,12
2020-01-01 00:00:00,184,0,1,1
2020-01-01 01:00:00,15,1,1,1
2020-01-01 02:00:00,140,2,1,1
2020-01-01 03:00:00,45,3,1,1
2020-01-01 04:00:00,0,4,1,1
2020-01-01 05:00:00,0,5,1,1
2020-01-01 06:00:00,0,6,1,1
2020-01-01 07:00:00,6,7,1,1
2020-01-01 08:00:00,26,8,1,1
2020-01-01 09:00:00,0,9,1,1
2020-01-01 10:00:00,0,10,1,1
2020-01-01 11:00:00,4,11,1,1
2020-01-01 12:00:00,0,12,1,1
2020-01-01 13:00:00,254,13,1,1
2020-01-01 14:00:00,27,14,1,1
2020-01-01 15:00:00,42,15,1,1
2020-01-01 16:00:00,0,16,1,1
2020-01-01 17:00:00,0,17,1,1
2020-01-01 18:00:00,0,18,1,1
2020-01-01 19:00:00,0,19,1,1
2020-01-01 20:00:00,0,20,1,1
2020-01-01 21:00:00,0,21,1,1
2020-01-01 22:00:00,252,22,1,1
2020-01-01 23:00:00,31,23,1,1
2020-01-02 00:00:00,10,0,2,1
2020-01-02 01:00:00,0,1,2,1
2020-01-02 02:00:00,4,2,2,1
2020-01-02 03:00:00,0,3,2,1
2020-01-02 04:00:00,0,4,2,1
2020-01-02 05:00:00,5,5,2,1
2020-01-02 06:00:00,0,6,2,1
2020-01-02 07:00:00,9,7,2,1
2020-01-02 08:00:00,24,8,2,1
2020-01-02 09:00:00,939,9,2,1
2020-01-02 10:00:00,1108,10,2,1
2020-01-02 11:00:00,2315,11,2,1
2020-01-02 12:00:00,4876,12,2,1
2020-01-02 13:00:00,573,13,2,1
2020-01-02 14:00:00,93,14,2,1
2020-01-02 15:00:00,192,15,2,1
2020-01-02 16:00:00,165,16,2,1
2020-01-02 17:00:00,256,17,2,1
2020-01-02 18:00:00,227,18,2,1
2020-01-02 19:00:00,2373,19,2,1
2020-01-02 20:00:00,1649,20,2,1
2020-01-02 21:00:00,667,21,2,1
2020-01-02 22:00:00,31,22,2,1
2020-01-02 23:00:00,0,23,2,1
2020-01-03 00:00:00,0,0,3,1
2020-01-03 01:00:00,0,1,3,1
2020-01-03 02:00:00,0,2,3,1
2020-01-03 03:00:00,0,3,3,1
2020-01-03 04:00:00,0,4,3,1
2020-01-03 05:00:00,0,5,3,1
2020-01-03 06:00:00,480,6,3,1
2020-01-03 07:00:00,712,7,3,1
2020-01-03 08:00:00,0,8,3,1
2020-01-03 09:00:00,0,9,3,1
2020-01-03 10:00:00,0,10,3,1
2020-01-03 11:00:00,0,11,3,1
2020-01-03 12:00:00,0,12,3,1
2020-01-03 13:00:00,0,13,3,1
2020-01-03 14:00:00,0,14,3,1
2020-01-03 15:00:00,6,15,3,1
2020-01-03 16:00:00,63,16,3,1
2020-01-03 17:00:00,5391,17,3,1
2020-01-03 18:00:00,2459,18,3,1
2020-01-03 19:00:00,1391,19,3,1
2020-01-03 20:00:00,1230,20,3,1
2020-01-03 21:00:00,671,21,3,1
2020-01-03 22:00:00,114,22,3,1
2020-01-03 23:00:00,0,23,3,1
2020-01-04 00:00:00,0,0,4,1
2020-01-04 01:00:00,0,1,4,1
2020-01-04 02:00:00,0,2,4,1
2020-01-04 03:00:00,0,3,4,1
2020-01-04 04:00:00,0,4,4,1
2020-01-04 05:00:00,0,5,4,1
2020-01-04 06:00:00,0,6,4,1
2020-01-04 07:00:00,0,7,4,1
2020-01-04 08:00:00,0,8,4,1
2020-01-04 09:00:00,0,9,4,1
2020-01-04 10:00:00,0,10,4,1
2020-01-04 11:00:00,831,11,4,1
2020-01-04 12:00:00,2061,12,4,1
2020-01-04 13:00:00,5831,13,4,1
2020-01-04 14:00:00,2563,14,4,1
2020-01-04 15:00:00,2855,15,4,1
2020-01-04 16:00:00,1107,16,4,1
2020-01-04 17:00:00,1018,17,4,1
2020-01-04 18:00:00,459,18,4,1
2020-01-04 19:00:00,87,19,4,1
2020-01-04 20:00:00,208,20,4,1
2020-01-04 21:00:00,188,21,4,1
2020-01-04 22:00:00,421,22,4,1
2020-01-04 23:00:00,225,23,4,1
2020-01-05 00:00:00,0,0,5,1
2020-01-05 01:00:00,0,1,5,1
2020-01-05 02:00:00,0,2,5,1
2020-01-05 03:00:00,0,3,5,1
2020-01-05 04:00:00,0,4,5,1
2020-01-05 05:00:00,0,5,5,1
2020-01-05 06:00:00,0,6,5,1
2020-01-05 07:00:00,0,7,5,1
2020-01-05 08:00:00,0,8,5,1
2020-01-05 09:00:00,0,9,5,1
2020-01-05 10:00:00,0,10,5,1
2020-01-05 11:00:00,0,11,5,1
2020-01-05 12:00:00,0,12,5,1
2020-01-05 13:00:00,0,13,5,1
2020-01-05 14:00:00,0,14,5,1
2020-01-05 15:00:00,0,15,5,1
2020-01-05 16:00:00,0,16,5,1
2020-01-05 17:00:00,0,17,5,1
2020-01-05 18:00:00,0,18,5,1
2020-01-05 19:00:00,0,19,5,1
2020-01-05 20:00:00,0,20,5,1
2020-01-05 21:00:00,0,21,5,1
2020-01-05 22:00:00,0,22,5,1
2020-01-05 23:00:00,0,23,5,1
2020-01-06 00:00:00,0,0,6,1
2020-01-06 01:00:00,0,1,6,1
2020-01-06 02:00:00,0,2,6,1
2020-01-06 03:00:00,0,3,6,1
2020-01-06 04:00:00,0,4,6,1
2020-01-06 05:00:00,0,5,6,1
2020-01-06 06:00:00,0,6,6,1
2020-01-06 07:00:00,1858,7,6,1
2020-01-06 08:00:00,341,8,6,1
2020-01-06 09:00:00,94,9,6,1
2020-01-06 10:00:00,318,10,6,1
2020-01-06 11:00:00,541,11,6,1
2020-01-06 12:00:00,262,12,6,1
2020-01-06 13:00:00,30,13,6,1
2020-01-06 14:00:00,404,14,6,1
2020-01-06 15:00:00,361,15,6,1
2020-01-06 16:00:00,15,16,6,1
2020-01-06 17:00:00,22,17,6,1
2020-01-06 18:00:00,1981,18,6,1
2020-01-06 19:00:00,4056,19,6,1
2020-01-06 20:00:00,1170,20,6,1
2020-01-06 21:00:00,498,21,6,1
2020-01-06 22:00:00,69,22,6,1
2020-01-06 23:00:00,78,23,6,1
2020-01-07 00:00:00,42,0,7,1
2020-01-07 01:00:00,64,1,7,1
2020-01-07 02:00:00,0,2,7,1
2020-01-07 03:00:00,6,3,7,1
2020-01-07 04:00:00,0,4,7,1
2020-01-07 05:00:00,4,5,7,1
2020-01-07 06:00:00,0,6,7,1
2020-01-07 07:00:00,495,7,7,1
2020-01-07 08:00:00,1314,8,7,1
2020-01-07 09:00:00,483,9,7,1
2020-01-07 10:00:00,589,10,7,1
2020-01-07 11:00:00,142,11,7,1
2020-01-07 12:00:00,585,12,7,1
2020-01-07 13:00:00,92,13,7,1
2020-01-07 14:00:00,1853,14,7,1
2020-01-07 15:00:00,1924,15,7,1
2020-01-07 16:00:00,151,16,7,1
2020-01-07 17:00:00,60,17,7,1
2020-01-07 18:00:00,485,18,7,1
2020-01-07 19:00:00,1012,19,7,1
2020-01-07 20:00:00,260,20,7,1
2020-01-07 21:00:00,347,21,7,1
2020-01-07 22:00:00,215,22,7,1
2020-01-07 23:00:00,37,23,7,1
2020-01-08 00:00:00,28,0,8,1
2020-01-08 01:00:00,0,1,8,1
2020-01-08 02:00:00,6,2,8,1
2020-01-08 03:00:00,0,3,8,1
2020-01-08 04:00:00,0,4,8,1
2020-01-08 05:00:00,0,5,8,1
2020-01-08 06:00:00,133,6,8,1
2020-01-08 07:00:00,1244,7,8,1
2020-01-08 08:00:00,712,8,8,1
2020-01-08 09:00:00,917,9,8,1
2020-01-08 10:00:00,296,10,8,1
2020-01-08 11:00:00,955,11,8,1
2020-01-08 12:00:00,1889,12,8,1
2020-01-08 13:00:00,346,13,8,1
2020-01-08 14:00:00,420,14,8,1
2020-01-08 15:00:00,591,15,8,1
2020-01-08 16:00:00,619,16,8,1
2020-01-08 17:00:00,374,17,8,1
2020-01-08 18:00:00,28,18,8,1
2020-01-08 19:00:00,77,19,8,1
2020-01-08 20:00:00,2028,20,8,1
2020-01-08 21:00:00,236,21,8,1
2020-01-08 22:00:00,366,22,8,1
2020-01-08 23:00:00,30,23,8,1
2020-01-09 00:00:00,0,0,9,1
2020-01-09 01:00:00,0,1,9,1
2020-01-09 02:00:00,14,2,9,1
2020-01-09 03:00:00,0,3,9,1
2020-01-09 04:00:00,0,4,9,1
2020-01-09 05:00:00,0,5,9,1
2020-01-09 06:00:00,0,6,9,1
2020-01-09 07:00:00,1232,7,9,1
2020-01-09 08:00:00,683,8,9,1
2020-01-09 09:00:00,0,9,9,1
2020-01-09 10:00:00,354,10,9,1
2020-01-09 11:00:00,55,11,9,1
2020-01-09 12:00:00,253,12,9,1
2020-01-09 13:00:00,148,13,9,1
2020-01-09 14:00:00,30,14,9,1
2020-01-09 15:00:00,67,15,9,1
2020-01-09 16:00:00,145,16,9,1
2020-01-09 17:00:00,48,17,9,1
2020-01-09 18:00:00,1195,18,9,1
2020-01-09 19:00:00,261,19,9,1
2020-01-09 20:00:00,192,20,9,1
2020-01-09 21:00:00,215,21,9,1
2020-01-09 22:00:00,0,22,9,1
2020-01-09 23:00:00,0,23,9,1
2020-01-10 00:00:00,0,0,10,1
2020-01-10 01:00:00,0,1,10,1
2020-01-10 02:00:00,0,2,10,1
2020-01-10 03:00:00,0,3,10,1
2020-01-10 04:00:00,0,4,10,1
2020-01-10 05:00:00,0,5,10,1
2020-01-10 06:00:00,1806,6,10,1
2020-01-10 07:00:00,673,7,10,1
2020-01-10 08:00:00,34,8,10,1
2020-01-10 09:00:00,0,9,10,1
2020-01-10 10:00:00,269,10,10,1
2020-01-10 11:00:00,343,11,10,1
2020-01-10 12:00:00,1462,12,10,1
2020-01-10 13:00:00,2003,13,10,1
2020-01-10 14:00:00,1014,14,10,1
2020-01-10 15:00:00,163,15,10,1
2020-01-10 16:00:00,1038,16,10,1
2020-01-10 17:00:00,276,17,10,1
2020-01-10 18:00:00,1230,18,10,1
2020-01-10 19:00:00,272,19,10,1
2020-01-10 20:00:00,1633,20,10,1
2020-01-10 21:00:00,460,21,10,1
2020-01-10 22:00:00,3153,22,10,1
2020-01-10 23:00:00,1415,23,10,1
2020-01-11 00:00:00,261,0,11,1
2020-01-11 01:00:00,8,1,11,1
2020-01-11 02:00:00,0,2,11,1
2020-01-11 03:00:00,0,3,11,1
2020-01-11 04:00:00,13,4,11,1
2020-01-11 05:00:00,7,5,11,1
2020-01-11 06:00:00,0,6,11,1
2020-01-11 07:00:00,14,7,11,1
2020-01-11 08:00:00,33,8,11,1
2020-01-11 09:00:00,410,9,11,1
2020-01-11 10:00:00,3595,10,11,1
2020-01-11 11:00:00,1090,11,11,1
2020-01-11 12:00:00,2179,12,11,1
2020-01-11 13:00:00,2985,13,11,1
2020-01-11 14:00:00,13,14,11,1
2020-01-11 15:00:00,0,15,11,1
2020-01-11 16:00:00,0,16,11,1
2020-01-11 17:00:00,0,17,11,1
2020-01-11 18:00:00,0,18,11,1
2020-01-11 19:00:00,0,19,11,1
2020-01-11 20:00:00,0,20,11,1
2020-01-11 21:00:00,0,21,11,1
2020-01-11 22:00:00,0,22,11,1
2020-01-11 23:00:00,0,23,11,1
2020-01-12 00:00:00,10,0,12,1
2020-01-12 01:00:00,0,1,12,1
2020-01-12 02:00:00,0,2,12,1
2020-01-12 03:00:00,0,3,12,1
2020-01-12 04:00:00,0,4,12,1
2020-01-12 05:00:00,0,5,12,1
2020-01-12 06:00:00,0,6,12,1
2020-01-12 07:00:00,0,7,12,1
2020-01-12 08:00:00,0,8,12,1
2020-01-12 09:00:00,0,9,12,1
2020-01-12 10:00:00,2209,10,12,1
2020-01-12 11:00:00,156,11,12,1
2020-01-12 12:00:00,3193,12,12,1
2020-01-12 13:00:00,1182,13,12,1
2020-01-12 14:00:00,8,14,12,1
2020-01-12 15:00:00,744,15,12,1
2020-01-12 16:00:00,2240,16,12,1
2020-01-12 17:00:00,890,17,12,1
2020-01-12 18:00:00,992,18,12,1
2020-01-12 19:00:00,256,19,12,1
2020-01-12 20:00:00,135,20,12,1
2020-01-12 21:00:00,25,21,12,1
2020-01-12 22:00:00,284,22,12,1
2020-01-12 23:00:00,7,23,12,1
2020-01-13 00:00:00,0,0,13,1
2020-01-13 01:00:00,0,1,13,1
2020-01-13 02:00:00,0,2,13,1
2020-01-13 03:00:00,17,3,13,1
2020-01-13 04:00:00,0,4,13,1
2020-01-13 05:00:00,0,5,13,1
2020-01-13 06:00:00,312,6,13,1
2020-01-13 07:00:00,2513,7,13,1
2020-01-13 08:00:00,319,8,13,1
2020-01-13 09:00:00,28,9,13,1
2020-01-13 10:00:00,498,10,13,1
2020-01-13 11:00:00,194,11,13,1
2020-01-13 12:00:00,298,12,13,1
2020-01-13 13:00:00,122,13,13,1
2020-01-13 14:00:00,167,14,13,1
2020-01-13 15:00:00,673,15,13,1
2020-01-13 16:00:00,1893,16,13,1
2020-01-13 17:00:00,149,17,13,1
2020-01-13 18:00:00,208,18,13,1
2020-01-13 19:00:00,4795,19,13,1
2020-01-13 20:00:00,1599,20,13,1
2020-01-13 21:00:00,323,21,13,1
2020-01-13 22:00:00,157,22,13,1
2020-01-13 23:00:00,45,23,13,1
2020-01-14 00:00:00,50,0,14,1
2020-01-14 01:00:00,0,1,14,1
2020-01-14 02:00:00,0,2,14,1
2020-01-14 03:00:00,9,3,14,1
2020-01-14 04:00:00,46,4,14,1
2020-01-14 05:00:00,0,5,14,1
2020-01-14 06:00:00,7,6,14,1
2020-01-14 07:00:00,75,7,14,1
2020-01-14 08:00:00,2061,8,14,1
2020-01-14 09:00:00,155,9,14,1
2020-01-14 10:00:00,124,10,14,1
2020-01-14 11:00:00,343,11,14,1
2020-01-14 12:00:00,1210,12,14,1
2020-01-14 13:00:00,96,13,14,1
2020-01-14 14:00:00,44,14,14,1
2020-01-14 15:00:00,427,15,14,1
2020-01-14 16:00:00,599,16,14,1
2020-01-14 17:00:00,1406,17,14,1
2020-01-14 18:00:00,190,18,14,1
2020-01-14 19:00:00,186,19,14,1
2020-01-14 20:00:00,1250,20,14,1
2020-01-14 21:00:00,2920,21,14,1
2020-01-14 22:00:00,219,22,14,1
2020-01-14 23:00:00,62,23,14,1
2020-01-15 00:00:00,246,0,15,1
2020-01-15 01:00:00,10,1,15,1
2020-01-15 02:00:00,0,2,15,1
2020-01-15 03:00:00,5,3,15,1
2020-01-15 04:00:00,11,4,15,1
2020-01-15 05:00:00,0,5,15,1
2020-01-15 06:00:00,16,6,15,1
2020-01-15 07:00:00,0,7,15,1
2020-01-15 08:00:00,269,8,15,1
2020-01-15 09:00:00,53,9,15,1
2020-01-15 10:00:00,332,10,15,1
2020-01-15 11:00:00,397,11,15,1
2020-01-15 12:00:00,1802,12,15,1
2020-01-15 13:00:00,1432,13,15,1
2020-01-15 14:00:00,306,14,15,1
2020-01-15 15:00:00,1512,15,15,1
2020-01-15 16:00:00,68,16,15,1
2020-01-15 17:00:00,119,17,15,1
2020-01-15 18:00:00,0,18,15,1
2020-01-15 19:00:00,203,19,15,1
2020-01-15 20:00:00,970,20,15,1
2020-01-15 21:00:00,387,21,15,1
2020-01-15 22:00:00,18,22,15,1
2020-01-15 23:00:00,4,23,15,1
2020-01-16 00:00:00,0,0,16,1
2020-01-16 01:00:00,0,1,16,1
2020-01-16 02:00:00,0,2,16,1
2020-01-16 03:00:00,0,3,16,1
2020-01-16 04:00:00,8,4,16,1
2020-01-16 05:00:00,0,5,16,1
2020-01-16 06:00:00,533,6,16,1
2020-01-16 07:00:00,1392,7,16,1
2020-01-16 08:00:00,8,8,16,1
2020-01-16 09:00:00,12,9,16,1
2020-01-16 10:00:00,343,10,16,1
2020-01-16 11:00:00,81,11,16,1
2020-01-16 12:00:00,0,12,16,1
2020-01-16 13:00:00,0,13,16,1
2020-01-16 14:00:00,0,14,16,1
2020-01-16 15:00:00,1122,15,16,1
2020-01-16 16:00:00,34,16,16,1
2020-01-16 17:00:00,166,17,16,1
2020-01-16 18:00:00,597,18,16,1
2020-01-16 19:00:00,4844,19,16,1
2020-01-16 20:00:00,1099,20,16,1
2020-01-16 21:00:00,205,21,16,1
2020-01-16 22:00:00,258,22,16,1
2020-01-16 23:00:00,28,23,16,1
2020-01-17 00:00:00,27,0,17,1
2020-01-17 01:00:00,0,1,17,1
2020-01-17 02:00:00,0,2,17,1
2020-01-17 03:00:00,0,3,17,1
2020-01-17 04:00:00,0,4,17,1
2020-01-17 05:00:00,0,5,17,1
2020-01-17 06:00:00,81,6,17,1
2020-01-17 07:00:00,0,7,17,1
2020-01-17 08:00:00,493,8,17,1
2020-01-17 09:00:00,28,9,17,1
2020-01-17 10:00:00,84,10,17,1
2020-01-17 11:00:00,194,11,17,1
2020-01-17 12:00:00,233,12,17,1
2020-01-17 13:00:00,13,13,17,1
2020-01-17 14:00:00,394,14,17,1
2020-01-17 15:00:00,99,15,17,1
2020-01-17 16:00:00,798,16,17,1
2020-01-17 17:00:00,343,17,17,1
2020-01-17 18:00:00,398,18,17,1
2020-01-17 19:00:00,2446,19,17,1
2020-01-17 20:00:00,600,20,17,1
2020-01-17 21:00:00,519,21,17,1
2020-01-17 22:00:00,1097,22,17,1
2020-01-17 23:00:00,267,23,17,1
2020-01-18 00:00:00,210,0,18,1
2020-01-18 01:00:00,650,1,18,1
2020-01-18 02:00:00,203,2,18,1
2020-01-18 03:00:00,30,3,18,1
2020-01-18 04:00:00,0,4,18,1
2020-01-18 05:00:00,0,5,18,1
2020-01-18 06:00:00,0,6,18,1
2020-01-18 07:00:00,24,7,18,1
2020-01-18 08:00:00,0,8,18,1
2020-01-18 09:00:00,0,9,18,1
2020-01-18 10:00:00,296,10,18,1
2020-01-18 11:00:00,57,11,18,1
2020-01-18 12:00:00,55,12,18,1
2020-01-18 13:00:00,0,13,18,1
2020-01-18 14:00:00,163,14,18,1
2020-01-18 15:00:00,968,15,18,1
2020-01-18 16:00:00,2256,16,18,1
2020-01-18 17:00:00,1521,17,18,1
2020-01-18 18:00:00,140,18,18,1
2020-01-18 19:00:00,203,19,18,1
2020-01-18 20:00:00,288,20,18,1
2020-01-18 21:00:00,23,21,18,1
2020-01-18 22:00:00,279,22,18,1
2020-01-18 23:00:00,365,23,18,1
2020-01-19 00:00:00,31,0,19,1
2020-01-19 01:00:00,0,1,19,1
2020-01-19 02:00:00,0,2,19,1
2020-01-19 03:00:00,0,3,19,1
2020-01-19 04:00:00,5,4,19,1
2020-01-19 05:00:00,0,5,19,1
2020-01-19 06:00:00,4,6,19,1
2020-01-19 07:00:00,18,7,19,1
2020-01-19 08:00:00,5,8,19,1
2020-01-19 09:00:00,689,9,19,1
2020-01-19 10:00:00,1483,10,19,1
2020-01-19 11:00:00,729,11,19,1
2020-01-19 12:00:00,1195,12,19,1
2020-01-19 13:00:00,1110,13,19,1
2020-01-19 14:00:00,1768,14,19,1
2020-01-19 15:00:00,20,15,19,1
2020-01-19 16:00:00,890,16,19,1
2020-01-19 17:00:00,120,17,19,1
2020-01-19 18:00:00,995,18,19,1
2020-01-19 19:00:00,128,19,19,1
2020-01-19 20:00:00,90,20,19,1
2020-01-19 21:00:00,1123,21,19,1
2020-01-19 22:00:00,1057,22,19,1
2020-01-19 23:00:00,354,23,19,1
2020-01-20 00:00:00,0,0,20,1
2020-01-20 01:00:00,0,1,20,1
2020-01-20 02:00:00,0,2,20,1
2020-01-20 03:00:00,0,3,20,1
2020-01-20 04:00:00,0,4,20,1
2020-01-20 05:00:00,0,5,20,1
2020-01-20 06:00:00,0,6,20,1
2020-01-20 07:00:00,0,7,20,1
2020-01-20 08:00:00,166,8,20,1
2020-01-20 09:00:00,602,9,20,1
2020-01-20 10:00:00,2135,10,20,1
2020-01-20 11:00:00,2409,11,20,1
2020-01-20 12:00:00,290,12,20,1
2020-01-20 13:00:00,233,13,20,1
2020-01-20 14:00:00,408,14,20,1
2020-01-20 15:00:00,306,15,20,1
2020-01-20 16:00:00,0,16,20,1
2020-01-20 17:00:00,88,17,20,1
2020-01-20 18:00:00,452,18,20,1
2020-01-20 19:00:00,1985,19,20,1
2020-01-20 20:00:00,666,20,20,1
2020-01-20 21:00:00,1264,21,20,1
2020-01-20 22:00:00,2890,22,20,1
2020-01-20 23:00:00,27,23,20,1
2020-01-21 00:00:00,43,0,21,1
2020-01-21 01:00:00,4,1,21,1
2020-01-21 02:00:00,4,2,21,1
2020-01-21 03:00:00,0,3,21,1
2020-01-21 04:00:00,0,4,21,1
2020-01-21 05:00:00,0,5,21,1
2020-01-21 06:00:00,0,6,21,1
2020-01-21 07:00:00,1609,7,21,1
2020-01-21 08:00:00,972,8,21,1
2020-01-21 09:00:00,383,9,21,1
2020-01-21 10:00:00,244,10,21,1
2020-01-21 11:00:00,468,11,21,1
2020-01-21 12:00:00,107,12,21,1
2020-01-21 13:00:00,182,13,21,1
2020-01-21 14:00:00,2078,14,21,1
2020-01-21 15:00:00,1411,15,21,1
2020-01-21 16:00:00,2636,16,21,1
2020-01-21 17:00:00,57,17,21,1
2020-01-21 18:00:00,2361,18,21,1
2020-01-21 19:00:00,341,19,21,1
2020-01-21 20:00:00,763,20,21,1
2020-01-21 21:00:00,63,21,21,1
2020-01-21 22:00:00,104,22,21,1
2020-01-21 23:00:00,25,23,21,1
2020-01-22 00:00:00,0,0,22,1
2020-01-22 01:00:00,0,1,22,1
2020-01-22 02:00:00,0,2,22,1
2020-01-22 03:00:00,34,3,22,1
2020-01-22 04:00:00,0,4,22,1
2020-01-22 05:00:00,0,5,22,1
2020-01-22 06:00:00,13,6,22,1
2020-01-22 07:00:00,192,7,22,1
2020-01-22 08:00:00,1324,8,22,1
2020-01-22 09:00:00,347,9,22,1
2020-01-22 10:00:00,193,10,22,1
2020-01-22 11:00:00,9,11,22,1
2020-01-22 12:00:00,8,12,22,1
2020-01-22 13:00:00,934,13,22,1
2020-01-22 14:00:00,62,14,22,1
2020-01-22 15:00:00,102,15,22,1
2020-01-22 16:00:00,2408,16,22,1
2020-01-22 17:00:00,232,17,22,1
2020-01-22 18:00:00,211,18,22,1
2020-01-22 19:00:00,2069,19,22,1
2020-01-22 20:00:00,793,20,22,1
2020-01-22 21:00:00,111,21,22,1
2020-01-22 22:00:00,330,22,22,1
2020-01-22 23:00:00,42,23,22,1
2020-01-23 00:00:00,66,0,23,1
2020-01-23 01:00:00,11,1,23,1
2020-01-23 02:00:00,0,2,23,1
2020-01-23 03:00:00,0,3,23,1
2020-01-23 04:00:00,0,4,23,1
2020-01-23 05:00:00,0,5,23,1
2020-01-23 06:00:00,13,6,23,1
2020-01-23 07:00:00,1463,7,23,1
2020-01-23 08:00:00,3288,8,23,1
2020-01-23 09:00:00,317,9,23,1
2020-01-23 10:00:00,351,10,23,1
2020-01-23 11:00:00,662,11,23,1
2020-01-23 12:00:00,511,12,23,1
2020-01-23 13:00:00,207,13,23,1
2020-01-23 14:00:00,155,14,23,1
2020-01-23 15:00:00,1662,15,23,1
2020-01-23 16:00:00,772,16,23,1
2020-01-23 17:00:00,203,17,23,1
2020-01-23 18:00:00,292,18,23,1
2020-01-23 19:00:00,1277,19,23,1
2020-01-23 20:00:00,371,20,23,1
2020-01-23 21:00:00,265,21,23,1
2020-01-23 22:00:00,119,22,23,1
2020-01-23 23:00:00,278,23,23,1
2020-01-24 00:00:00,36,0,24,1
2020-01-24 01:00:00,23,1,24,1
2020-01-24 02:00:00,0,2,24,1
2020-01-24 03:00:00,0,3,24,1
2020-01-24 04:00:00,0,4,24,1
2020-01-24 05:00:00,0,5,24,1
2020-01-24 06:00:00,0,6,24,1
2020-01-24 07:00:00,38,7,24,1
2020-01-24 08:00:00,175,8,24,1
2020-01-24 09:00:00,229,9,24,1
2020-01-24 10:00:00,202,10,24,1
2020-01-24 11:00:00,737,11,24,1
2020-01-24 12:00:00,3159,12,24,1
2020-01-24 13:00:00,559,13,24,1
2020-01-24 14:00:00,126,14,24,1
2020-01-24 15:00:00,750,15,24,1
2020-01-24 16:00:00,677,16,24,1
2020-01-24 17:00:00,451,17,24,1
2020-01-24 18:00:00,671,18,24,1
2020-01-24 19:00:00,398,19,24,1
2020-01-24 20:00:00,533,20,24,1
2020-01-24 21:00:00,123,21,24,1
2020-01-24 22:00:00,81,22,24,1
2020-01-24 23:00:00,262,23,24,1
2020-01-25 00:00:00,5,0,25,1
2020-01-25 01:00:00,46,1,25,1
2020-01-25 02:00:00,40,2,25,1
2020-01-25 03:00:00,7,3,25,1
2020-01-25 04:00:00,25,4,25,1
2020-01-25 05:00:00,0,5,25,1
2020-01-25 06:00:00,4,6,25,1
2020-01-25 07:00:00,7,7,25,1
2020-01-25 08:00:00,43,8,25,1
2020-01-25 09:00:00,425,9,25,1
2020-01-25 10:00:00,246,10,25,1
2020-01-25 11:00:00,1234,11,25,1
2020-01-25 12:00:00,5406,12,25,1
2020-01-25 13:00:00,3990,13,25,1
2020-01-25 14:00:00,5035,14,25,1
2020-01-25 15:00:00,349,15,25,1
2020-01-25 16:00:00,363,16,25,1
2020-01-25 17:00:00,651,17,25,1
2020-01-25 18:00:00,120,18,25,1
2020-01-25 19:00:00,151,19,25,1
2020-01-25 20:00:00,402,20,25,1
2020-01-25 21:00:00,146,21,25,1
2020-01-25 22:00:00,179,22,25,1
2020-01-25 23:00:00,351,23,25,1
2020-01-26 00:00:00,155,0,26,1
2020-01-26 01:00:00,103,1,26,1
2020-01-26 02:00:00,79,2,26,1
2020-01-26 03:00:00,40,3,26,1
2020-01-26 04:00:00,0,4,26,1
2020-01-26 05:00:00,0,5,26,1
2020-01-26 06:00:00,0,6,26,1
2020-01-26 07:00:00,0,7,26,1
2020-01-26 08:00:00,0,8,26,1
2020-01-26 09:00:00,119,9,26,1
2020-01-26 10:00:00,2709,10,26,1
2020-01-26 11:00:00,3147,11,26,1
2020-01-26 12:00:00,247,12,26,1
2020-01-26 13:00:00,1029,13,26,1
2020-01-26 14:00:00,5515,14,26,1
2020-01-26 15:00:00,977,15,26,1
2020-01-26 16:00:00,218,16,26,1
2020-01-26 17:00:00,520,17,26,1
2020-01-26 18:00:00,293,18,26,1
2020-01-26 19:00:00,123,19,26,1
2020-01-26 20:00:00,82,20,26,1
2020-01-26 21:00:00,203,21,26,1
2020-01-26 22:00:00,230,22,26,1
2020-01-26 23:00:00,9,23,26,1
2020-01-27 00:00:00,19,0,27,1
2020-01-27 01:00:00,0,1,27,1
2020-01-27 02:00:00,0,2,27,1
2020-01-27 03:00:00,0,3,27,1
2020-01-27 04:00:00,0,4,27,1
2020-01-27 05:00:00,6,5,27,1
2020-01-27 06:00:00,166,6,27,1
2020-01-27 07:00:00,1614,7,27,1
2020-01-27 08:00:00,232,8,27,1
2020-01-27 09:00:00,133,9,27,1
2020-01-27 10:00:00,545,10,27,1
2020-01-27 11:00:00,99,11,27,1
2020-01-27 12:00:00,455,12,27,1
2020-01-27 13:00:00,308,13,27,1
2020-01-27 14:00:00,897,14,27,1
2020-01-27 15:00:00,150,15,27,1
2020-01-27 16:00:00,591,16,27,1
2020-01-27 17:00:00,862,17,27,1
2020-01-27 18:00:00,1811,18,27,1
2020-01-27 19:00:00,1359,19,27,1
2020-01-27 20:00:00,284,20,27,1
2020-01-27 21:00:00,135,21,27,1
2020-01-27 22:00:00,275,22,27,1
2020-01-27 23:00:00,62,23,27,1
2020-01-28 00:00:00,30,0,28,1
2020-01-28 01:00:00,25,1,28,1
2020-01-28 02:00:00,6,2,28,1
2020-01-28 03:00:00,0,3,28,1
2020-01-28 04:00:00,0,4,28,1
2020-01-28 05:00:00,0,5,28,1
2020-01-28 06:00:00,13,6,28,1
2020-01-28 07:00:00,1103,7,28,1
2020-01-28 08:00:00,991,8,28,1
2020-01-28 09:00:00,861,9,28,1
2020-01-28 10:00:00,129,10,28,1
2020-01-28 11:00:00,91,11,28,1
2020-01-28 12:00:00,427,12,28,1
2020-01-28 13:00:00,1217,13,28,1
2020-01-28 14:00:00,840,14,28,1
2020-01-28 15:00:00,1961,15,28,1
2020-01-28 16:00:00,377,16,28,1
2020-01-28 17:00:00,1137,17,28,1
2020-01-28 18:00:00,250,18,28,1
2020-01-28 19:00:00,311,19,28,1
2020-01-28 20:00:00,10,20,28,1
2020-01-28 21:00:00,260,21,28,1
2020-01-28 22:00:00,160,22,28,1
2020-01-28 23:00:00,407,23,28,1
2020-01-29 00:00:00,19,0,29,1
2020-01-29 01:00:00,0,1,29,1
2020-01-29 02:00:00,0,2,29,1
2020-01-29 03:00:00,5,3,29,1
2020-01-29 04:00:00,0,4,29,1
2020-01-29 05:00:00,31,5,29,1
2020-01-29 06:00:00,27,6,29,1
2020-01-29 07:00:00,47,7,29,1
2020-01-29 08:00:00,28,8,29,1
2020-01-29 09:00:00,0,9,29,1
2020-01-29 10:00:00,0,10,29,1
2020-01-29 11:00:00,185,11,29,1
2020-01-29 12:00:00,1962,12,29,1
2020-01-29 13:00:00,1351,13,29,1
2020-01-29 14:00:00,579,14,29,1
2020-01-29 15:00:00,923,15,29,1
2020-01-29 16:00:00,872,16,29,1
2020-01-29 17:00:00,20,17,29,1
2020-01-29 18:00:00,0,18,29,1
2020-01-29 19:00:00,425,19,29,1
2020-01-29 20:00:00,1077,20,29,1
2020-01-29 21:00:00,1451,21,29,1
2020-01-29 22:00:00,1123,22,29,1
2020-01-29 23:00:00,9,23,29,1
2020-01-30 00:00:00,21,0,30,1
2020-01-30 01:00:00,0,1,30,1
2020-01-30 02:00:00,0,2,30,1
2020-01-30 03:00:00,10,3,30,1
2020-01-30 04:00:00,0,4,30,1
2020-01-30 05:00:00,4,5,30,1
2020-01-30 06:00:00,9,6,30,1
2020-01-30 07:00:00,1468,7,30,1
2020-01-30 08:00:00,998,8,30,1
2020-01-30 09:00:00,493,9,30,1
2020-01-30 10:00:00,393,10,30,1
2020-01-30 11:00:00,189,11,30,1
2020-01-30 12:00:00,213,12,30,1
2020-01-30 13:00:00,52,13,30,1
2020-01-30 14:00:00,56,14,30,1
2020-01-30 15:00:00,184,15,30,1
2020-01-30 16:00:00,4193,16,30,1
2020-01-30 17:00:00,1472,17,30,1
2020-01-30 18:00:00,7,18,30,1
2020-01-30 19:00:00,163,19,30,1
2020-01-30 20:00:00,1552,20,30,1
2020-01-30 21:00:00,843,21,30,1
2020-01-30 22:00:00,80,22,30,1
2020-01-30 23:00:00,247,23,30,1
2020-01-31 00:00:00,20,0,31,1
2020-01-31 01:00:00,0,1,31,1
2020-01-31 02:00:00,0,2,31,1
2020-01-31 03:00:00,0,3,31,1
2020-01-31 04:00:00,0,4,31,1
2020-01-31 05:00:00,0,5,31,1
2020-01-31 06:00:00,240,6,31,1
2020-01-31 07:00:00,2144,7,31,1
2020-01-31 08:00:00,515,8,31,1
2020-01-31 09:00:00,572,9,31,1
2020-01-31 10:00:00,431,10,31,1
2020-01-31 11:00:00,223,11,31,1
2020-01-31 12:00:00,474,12,31,1
2020-01-31 13:00:00,1621,13,31,1
2020-01-31 14:00:00,237,14,31,1
2020-01-31 15:00:00,46,15,31,1
2020-01-31 16:00:00,2527,16,31,1
2020-01-31 17:00:00,390,17,31,1
2020-01-31 18:00:00,117,18,31,1
2020-01-31 19:00:00,119,19,31,1
2020-01-31 20:00:00,358,20,31,1
2020-01-31 21:00:00,99,21,31,1
2020-01-31 22:00:00,0,22,31,1
2020-01-31 23:00:00,429,23,31,1
2020-02-01 00:00:00,11,0,1,2
2020-02-01 01:00:00,38,1,1,2
2020-02-01 02:00:00,7,2,1,2
2020-02-01 03:00:00,0,3,1,2
2020-02-01 04:00:00,6,4,1,2
2020-02-01 05:00:00,0,5,1,2
2020-02-01 06:00:00,0,6,1,2
2020-02-01 07:00:00,0,7,1,2
2020-02-01 08:00:00,99,8,1,2
2020-02-01 09:00:00,982,9,1,2
2020-02-01 10:00:00,467,10,1,2
2020-02-01 11:00:00,754,11,1,2
2020-02-01 12:00:00,420,12,1,2
2020-02-01 13:00:00,4608,13,1,2
2020-02-01 14:00:00,5915,14,1,2
2020-02-01 15:00:00,5003,15,1,2
2020-02-01 16:00:00,1477,16,1,2
2020-02-01 17:00:00,1290,17,1,2
2020-02-01 18:00:00,696,18,1,2
2020-02-01 19:00:00,135,19,1,2
2020-02-01 20:00:00,92,20,1,2
2020-02-01 21:00:00,118,21,1,2
2020-02-01 22:00:00,236,22,1,2
2020-02-01 23:00:00,317,23,1,2
2020-02-02 00:00:00,600,0,2,2
2020-02-02 01:00:00,29,1,2,2
2020-02-02 02:00:00,0,2,2,2
2020-02-02 03:00:00,5,3,2,2
2020-02-02 04:00:00,0,4,2,2
2020-02-02 05:00:00,0,5,2,2
2020-02-02 06:00:00,22,6,2,2
2020-02-02 07:00:00,11,7,2,2
2020-02-02 08:00:00,0,8,2,2
2020-02-02 09:00:00,40,9,2,2
2020-02-02 10:00:00,896,10,2,2
2020-02-02 11:00:00,848,11,2,2
2020-02-02 12:00:00,1725,12,2,2
2020-02-02 13:00:00,3646,13,2,2
2020-02-02 14:00:00,2737,14,2,2
2020-02-02 15:00:00,1653,15,2,2
2020-02-02 16:00:00,2278,16,2,2
2020-02-02 17:00:00,802,17,2,2
2020-02-02 18:00:00,486,18,2,2
2020-02-02 19:00:00,282,19,2,2
2020-02-02 20:00:00,749,20,2,2
2020-02-02 21:00:00,219,21,2,2
2020-02-02 22:00:00,632,22,2,2
2020-02-02 23:00:00,225,23,2,2
2020-02-03 00:00:00,29,0,3,2
2020-02-03 01:00:00,9,1,3,2
2020-02-03 02:00:00,5,2,3,2
2020-02-03 03:00:00,13,3,3,2
2020-02-03 04:00:00,0,4,3,2
2020-02-03 05:00:00,4,5,3,2
2020-02-03 06:00:00,41,6,3,2
2020-02-03 07:00:00,1072,7,3,2
2020-02-03 08:00:00,670,8,3,2
2020-02-03 09:00:00,201,9,3,2
2020-02-03 10:00:00,1254,10,3,2
2020-02-03 11:00:00,1696,11,3,2
2020-02-03 12:00:00,534,12,3,2
2020-02-03 13:00:00,68,13,3,2
2020-02-03 14:00:00,102,14,3,2
2020-02-03 15:00:00,114,15,3,2
2020-02-03 16:00:00,6,16,3,2
2020-02-03 17:00:00,20,17,3,2
2020-02-03 18:00:00,2361,18,3,2
2020-02-03 19:00:00,1412,19,3,2
2020-02-03 20:00:00,137,20,3,2
2020-02-03 21:00:00,293,21,3,2
2020-02-03 22:00:00,14,22,3,2
2020-02-03 23:00:00,45,23,3,2
2020-02-04 00:00:00,0,0,4,2
2020-02-04 01:00:00,0,1,4,2
2020-02-04 02:00:00,11,2,4,2
2020-02-04 03:00:00,0,3,4,2
2020-02-04 04:00:00,0,4,4,2
2020-02-04 05:00:00,0,5,4,2
2020-02-04 06:00:00,234,6,4,2
2020-02-04 07:00:00,1002,7,4,2
2020-02-04 08:00:00,591,8,4,2
2020-02-04 09:00:00,124,9,4,2
2020-02-04 10:00:00,530,10,4,2
2020-02-04 11:00:00,46,11,4,2
2020-02-04 12:00:00,921,12,4,2
2020-02-04 13:00:00,232,13,4,2
2020-02-04 14:00:00,44,14,4,2
2020-02-04 15:00:00,1892,15,4,2
2020-02-04 16:00:00,513,16,4,2
2020-02-04 17:00:00,1480,17,4,2
2020-02-04 18:00:00,489,18,4,2
2020-02-04 19:00:00,205,19,4,2
2020-02-04 20:00:00,23,20,4,2
2020-02-04 21:00:00,150,21,4,2
2020-02-04 22:00:00,92,22,4,2
2020-02-04 23:00:00,18,23,4,2
2020-02-05 00:00:00,0,0,5,2
2020-02-05 01:00:00,0,1,5,2
2020-02-05 02:00:00,0,2,5,2
2020-02-05 03:00:00,10,3,5,2
2020-02-05 04:00:00,0,4,5,2
2020-02-05 05:00:00,0,5,5,2
2020-02-05 06:00:00,106,6,5,2
2020-02-05 07:00:00,2186,7,5,2
2020-02-05 08:00:00,517,8,5,2
2020-02-05 09:00:00,331,9,5,2
2020-02-05 10:00:00,318,10,5,2
2020-02-05 11:00:00,644,11,5,2
2020-02-05 12:00:00,111,12,5,2
2020-02-05 13:00:00,66,13,5,2
2020-02-05 14:00:00,86,14,5,2
2020-02-05 15:00:00,760,15,5,2
2020-02-05 16:00:00,1384,16,5,2
2020-02-05 17:00:00,1491,17,5,2
2020-02-05 18:00:00,0,18,5,2
2020-02-05 19:00:00,0,19,5,2
2020-02-05 20:00:00,14,20,5,2
2020-02-05 21:00:00,2720,21,5,2
2020-02-05 22:00:00,153,22,5,2
2020-02-05 23:00:00,201,23,5,2
2020-02-06 00:00:00,0,0,6,2
2020-02-06 01:00:00,0,1,6,2
2020-02-06 02:00:00,0,2,6,2
2020-02-06 03:00:00,23,3,6,2
2020-02-06 04:00:00,8,4,6,2
2020-02-06 05:00:00,0,5,6,2
2020-02-06 06:00:00,0,6,6,2
2020-02-06 07:00:00,113,7,6,2
2020-02-06 08:00:00,220,8,6,2
2020-02-06 09:00:00,245,9,6,2
2020-02-06 10:00:00,1082,10,6,2
2020-02-06 11:00:00,224,11,6,2
2020-02-06 12:00:00,223,12,6,2
2020-02-06 13:00:00,303,13,6,2
2020-02-06 14:00:00,313,14,6,2
2020-02-06 15:00:00,1809,15,6,2
2020-02-06 16:00:00,1496,16,6,2
2020-02-06 17:00:00,2481,17,6,2
2020-02-06 18:00:00,1006,18,6,2
2020-02-06 19:00:00,313,19,6,2
2020-02-06 20:00:00,226,20,6,2
2020-02-06 21:00:00,189,21,6,2
2020-02-06 22:00:00,34,22,6,2
2020-02-06 23:00:00,0,23,6,2
2020-02-07 00:00:00,0,0,7,2
2020-02-07 01:00:00,0,1,7,2
2020-02-07 02:00:00,0,2,7,2
2020-02-07 03:00:00,0,3,7,2
2020-02-07 04:00:00,0,4,7,2
2020-02-07 05:00:00,7,5,7,2
2020-02-07 06:00:00,130,6,7,2
2020-02-07 07:00:00,1623,7,7,2
2020-02-07 08:00:00,51,8,7,2
2020-02-07 09:00:00,54,9,7,2
2020-02-07 10:00:00,382,10,7,2
2020-02-07 11:00:00,53,11,7,2
2020-02-07 12:00:00,549,12,7,2
2020-02-07 13:00:00,110,13,7,2
2020-02-07 14:00:00,0,14,7,2
2020-02-07 15:00:00,2932,15,7,2
2020-02-07 16:00:00,1645,16,7,2
2020-02-07 17:00:00,2171,17,7,2
2020-02-07 18:00:00,1461,18,7,2
2020-02-07 19:00:00,261,19,7,2
2020-02-07 20:00:00,229,20,7,2
2020-02-07 21:00:00,1254,21,7,2
2020-02-07 22:00:00,1160,22,7,2
2020-02-07 23:00:00,1400,23,7,2
2020-02-08 00:00:00,483,0,8,2
2020-02-08 01:00:00,0,1,8,2
2020-02-08 02:00:00,8,2,8,2
2020-02-08 03:00:00,0,3,8,2
2020-02-08 04:00:00,0,4,8,2
2020-02-08 05:00:00,0,5,8,2
2020-02-08 06:00:00,7,6,8,2
2020-02-08 07:00:00,57,7,8,2
2020-02-08 08:00:00,65,8,8,2
2020-02-08 09:00:00,242,9,8,2
2020-02-08 10:00:00,0,10,8,2
2020-02-08 11:00:00,0,11,8,2
2020-02-08 12:00:00,0,12,8,2
2020-02-08 13:00:00,0,13,8,2
2020-02-08 14:00:00,213,14,8,2
2020-02-08 15:00:00,91,15,8,2
2020-02-08 16:00:00,381,16,8,2
2020-02-08 17:00:00,1328,17,8,2
2020-02-08 18:00:00,1005,18,8,2
2020-02-08 19:00:00,45,19,8,2
2020-02-08 20:00:00,44,20,8,2
2020-02-08 21:00:00,169,21,8,2
2020-02-08 22:00:00,116,22,8,2
2020-02-08 23:00:00,1413,23,8,2
2020-02-09 00:00:00,589,0,9,2
2020-02-09 01:00:00,13,1,9,2
2020-02-09 02:00:00,0,2,9,2
2020-02-09 03:00:00,0,3,9,2
2020-02-09 04:00:00,0,4,9,2
2020-02-09 05:00:00,4,5,9,2
2020-02-09 06:00:00,31,6,9,2
2020-02-09 07:00:00,0,7,9,2
2020-02-09 08:00:00,0,8,9,2
2020-02-09 09:00:00,212,9,9,2
2020-02-09 10:00:00,1921,10,9,2
2020-02-09 11:00:00,2710,11,9,2
2020-02-09 12:00:00,793,12,9,2
2020-02-09 13:00:00,663,13,9,2
2020-02-09 14:00:00,584,14,9,2
2020-02-09 15:00:00,825,15,9,2
2020-02-09 16:00:00,3589,16,9,2
2020-02-09 17:00:00,823,17,9,2
2020-02-09 18:00:00,1424,18,9,2
2020-02-09 19:00:00,2040,19,9,2
2020-02-09 20:00:00,44,20,9,2
2020-02-09 21:00:00,376,21,9,2
2020-02-09 22:00:00,40,22,9,2
2020-02-09 23:00:00,48,23,9,2
2020-02-10 00:00:00,47,0,10,2
2020-02-10 01:00:00,0,1,10,2
2020-02-10 02:00:00,0,2,10,2
2020-02-10 03:00:00,0,3,10,2
2020-02-10 04:00:00,4,4,10,2
2020-02-10 05:00:00,0,5,10,2
2020-02-10 06:00:00,2538,6,10,2
2020-02-10 07:00:00,1687,7,10,2
2020-02-10 08:00:00,1895,8,10,2
2020-02-10 09:00:00,233,9,10,2
2020-02-10 10:00:00,1192,10,10,2
2020-02-10 11:00:00,1218,11,10,2
2020-02-10 12:00:00,901,12,10,2
2020-02-10 13:00:00,1683,13,10,2
2020-02-10 14:00:00,2325,14,10,2
2020-02-10 15:00:00,981,15,10,2
2020-02-10 16:00:00,164,16,10,2
2020-02-10 17:00:00,342,17,10,2
2020-02-10 18:00:00,1656,18,10,2
2020-02-10 19:00:00,1203,19,10,2
2020-02-10 20:00:00,0,20,10,2
2020-02-10 21:00:00,0,21,10,2
2020-02-10 22:00:00,126,22,10,2
2020-02-10 23:00:00,32,23,10,2
2020-02-11 00:00:00,0,0,11,2
2020-02-11 01:00:00,17,1,11,2
2020-02-11 02:00:00,0,2,11,2
2020-02-11 03:00:00,0,3,11,2
2020-02-11 04:00:00,0,4,11,2
2020-02-11 05:00:00,273,5,11,2
2020-02-11 06:00:00,1688,6,11,2
2020-02-11 07:00:00,1482,7,11,2
2020-02-11 08:00:00,805,8,11,2
2020-02-11 09:00:00,36,9,11,2
2020-02-11 10:00:00,24,10,11,2
2020-02-11 11:00:00,2022,11,11,2
2020-02-11 12:00:00,862,12,11,2
2020-02-11 13:00:00,451,13,11,2
2020-02-11 14:00:00,735,14,11,2
2020-02-11 15:00:00,948,15,11,2
2020-02-11 16:00:00,0,16,11,2
2020-02-11 17:00:00,0,17,11,2
2020-02-11 18:00:00,0,18,11,2
2020-02-11 19:00:00,0,19,11,2
2020-02-11 20:00:00,0,20,11,2
2020-02-11 21:00:00,0,21,11,2
2020-02-11 22:00:00,0,22,11,2
2020-02-11 23:00:00,0,23,11,2
2020-02-12 00:00:00,0,0,12,2
2020-02-12 01:00:00,0,1,12,2
2020-02-12 02:00:00,0,2,12,2
2020-02-12 03:00:00,0,3,12,2
2020-02-12 04:00:00,0,4,12,2
2020-02-12 05:00:00,0,5,12,2
2020-02-12 06:00:00,0,6,12,2
2020-02-12 07:00:00,340,7,12,2
2020-02-12 08:00:00,2804,8,12,2
2020-02-12 09:00:00,2596,9,12,2
2020-02-12 10:00:00,210,10,12,2
2020-02-12 11:00:00,1839,11,12,2
2020-02-12 12:00:00,51,12,12,2
2020-02-12 13:00:00,1172,13,12,2
2020-02-12 14:00:00,1284,14,12,2
2020-02-12 15:00:00,18,15,12,2
2020-02-12 16:00:00,338,16,12,2
2020-02-12 17:00:00,2431,17,12,2
2020-02-12 18:00:00,3943,18,12,2
2020-02-12 19:00:00,2696,19,12,2
2020-02-12 20:00:00,274,20,12,2
2020-02-12 21:00:00,292,21,12,2
2020-02-12 22:00:00,124,22,12,2
2020-02-12 23:00:00,33,23,12,2
2020-02-13 00:00:00,0,0,13,2
2020-02-13 01:00:00,10,1,13,2
2020-02-13 02:00:00,0,2,13,2
2020-02-13 03:00:00,0,3,13,2
2020-02-13 04:00:00,0,4,13,2
2020-02-13 05:00:00,13,5,13,2
2020-02-13 06:00:00,1324,6,13,2
2020-02-13 07:00:00,2863,7,13,2
2020-02-13 08:00:00,23,8,13,2
2020-02-13 09:00:00,811,9,13,2
2020-02-13 10:00:00,153,10,13,2
2020-02-13 11:00:00,99,11,13,2
2020-02-13 12:00:00,698,12,13,2
2020-02-13 13:00:00,603,13,13,2
2020-02-13 14:00:00,482,14,13,2
2020-02-13 15:00:00,945,15,13,2
2020-02-13 16:00:00,3061,16,13,2
2020-02-13 17:00:00,1048,17,13,2
2020-02-13 18:00:00,0,18,13,2
2020-02-13 19:00:00,0,19,13,2
2020-02-13 20:00:00,0,20,13,2
2020-02-13 21:00:00,0,21,13,2
2020-02-13 22:00:00,0,22,13,2
2020-02-13 23:00:00,0,23,13,2
2020-02-14 00:00:00,0,0,14,2
2020-02-14 01:00:00,62,1,14,2
2020-02-14 02:00:00,0,2,14,2
2020-02-14 03:00:00,17,3,14,2
2020-02-14 04:00:00,0,4,14,2
2020-02-14 05:00:00,0,5,14,2
2020-02-14 06:00:00,56,6,14,2
2020-02-14 07:00:00,1420,7,14,2
2020-02-14 08:00:00,1088,8,14,2
2020-02-14 09:00:00,155,9,14,2
2020-02-14 10:00:00,683,10,14,2
2020-02-14 11:00:00,3893,11,14,2
2020-02-14 12:00:00,1759,12,14,2
2020-02-14 13:00:00,48,13,14,2
2020-02-14 14:00:00,2443,14,14,2
2020-02-14 15:00:00,480,15,14,2
2020-02-14 16:00:00,253,16,14,2
2020-02-14 17:00:00,0,17,14,2
2020-02-14 18:00:00,0,18,14,2
2020-02-14 19:00:00,0,19,14,2
2020-02-14 20:00:00,0,20,14,2
2020-02-14 21:00:00,0,21,14,2
2020-02-14 22:00:00,0,22,14,2
2020-02-14 23:00:00,0,23,14,2
2020-02-15 00:00:00,0,0,15,2
2020-02-15 01:00:00,0,1,15,2
2020-02-15 02:00:00,0,2,15,2
2020-02-15 03:00:00,0,3,15,2
2020-02-15 04:00:00,0,4,15,2
2020-02-15 05:00:00,0,5,15,2
2020-02-15 06:00:00,0,6,15,2
2020-02-15 07:00:00,0,7,15,2
2020-02-15 08:00:00,0,8,15,2
2020-02-15 09:00:00,27,9,15,2
2020-02-15 10:00:00,3725,10,15,2
2020-02-15 11:00:00,2258,11,15,2
2020-02-15 12:00:00,0,12,15,2
2020-02-15 13:00:00,69,13,15,2
2020-02-15 14:00:00,3082,14,15,2
2020-02-15 15:00:00,3059,15,15,2
2020-02-15 16:00:00,683,16,15,2
2020-02-15 17:00:00,1844,17,15,2
2020-02-15 18:00:00,84,18,15,2
2020-02-15 19:00:00,127,19,15,2
2020-02-15 20:00:00,345,20,15,2
2020-02-15 21:00:00,0,21,15,2
2020-02-15 22:00:00,0,22,15,2
2020-02-15 23:00:00,155,23,15,2
2020-02-16 00:00:00,16,0,16,2
2020-02-16 01:00:00,0,1,16,2
2020-02-16 02:00:00,0,2,16,2
2020-02-16 03:00:00,51,3,16,2
2020-02-16 04:00:00,0,4,16,2
2020-02-16 05:00:00,25,5,16,2
2020-02-16 06:00:00,4,6,16,2
2020-02-16 07:00:00,4,7,16,2
2020-02-16 08:00:00,5,8,16,2
2020-02-16 09:00:00,0,9,16,2
2020-02-16 10:00:00,258,10,16,2
2020-02-16 11:00:00,197,11,16,2
2020-02-16 12:00:00,310,12,16,2
2020-02-16 13:00:00,313,13,16,2
2020-02-16 14:00:00,48,14,16,2
2020-02-16 15:00:00,1612,15,16,2
2020-02-16 16:00:00,5619,16,16,2
2020-02-16 17:00:00,2371,17,16,2
2020-02-16 18:00:00,82,18,16,2
2020-02-16 19:00:00,1643,19,16,2
2020-02-16 20:00:00,610,20,16,2
2020-02-16 21:00:00,645,21,16,2
2020-02-16 22:00:00,198,22,16,2
2020-02-16 23:00:00,34,23,16,2
2020-02-17 00:00:00,0,0,17,2
2020-02-17 01:00:00,0,1,17,2
2020-02-17 02:00:00,0,2,17,2
2020-02-17 03:00:00,0,3,17,2
2020-02-17 04:00:00,0,4,17,2
2020-02-17 05:00:00,0,5,17,2
2020-02-17 06:00:00,385,6,17,2
2020-02-17 07:00:00,2904,7,17,2
2020-02-17 08:00:00,277,8,17,2
2020-02-17 09:00:00,346,9,17,2
2020-02-17 10:00:00,246,10,17,2
2020-02-17 11:00:00,126,11,17,2
2020-02-17 12:00:00,41,12,17,2
2020-02-17 13:00:00,151,13,17,2
2020-02-17 14:00:00,0,14,17,2
2020-02-17 15:00:00,646,15,17,2
2020-02-17 16:00:00,791,16,17,2
2020-02-17 17:00:00,169,17,17,2
2020-02-17 18:00:00,143,18,17,2
2020-02-17 19:00:00,894,19,17,2
2020-02-17 20:00:00,3957,20,17,2
2020-02-17 21:00:00,494,21,17,2
2020-02-17 22:00:00,80,22,17,2
2020-02-17 23:00:00,55,23,17,2
2020-02-18 00:00:00,58,0,18,2
2020-02-18 01:00:00,0,1,18,2
2020-02-18 02:00:00,0,2,18,2
2020-02-18 03:00:00,8,3,18,2
2020-02-18 04:00:00,14,4,18,2
2020-02-18 05:00:00,0,5,18,2
2020-02-18 06:00:00,13,6,18,2
2020-02-18 07:00:00,817,7,18,2
2020-02-18 08:00:00,2460,8,18,2
2020-02-18 09:00:00,301,9,18,2
2020-02-18 10:00:00,307,10,18,2
2020-02-18 11:00:00,179,11,18,2
2020-02-18 12:00:00,190,12,18,2
2020-02-18 13:00:00,2877,13,18,2
2020-02-18 14:00:00,1411,14,18,2
2020-02-18 15:00:00,2750,15,18,2
2020-02-18 16:00:00,2229,16,18,2
2020-02-18 17:00:00,1367,17,18,2
2020-02-18 18:00:00,988,18,18,2
2020-02-18 19:00:00,253,19,18,2
2020-02-18 20:00:00,25,20,18,2
2020-02-18 21:00:00,107,21,18,2
2020-02-18 22:00:00,745,22,18,2
2020-02-18 23:00:00,30,23,18,2
2020-02-19 00:00:00,8,0,19,2
2020-02-19 01:00:00,0,1,19,2
2020-02-19 02:00:00,0,2,19,2
2020-02-19 03:00:00,0,3,19,2
2020-02-19 04:00:00,37,4,19,2
2020-02-19 05:00:00,4,5,19,2
2020-02-19 06:00:00,0,6,19,2
2020-02-19 07:00:00,490,7,19,2
2020-02-19 08:00:00,3962,8,19,2
2020-02-19 09:00:00,143,9,19,2
2020-02-19 10:00:00,496,10,19,2
2020-02-19 11:00:00,900,11,19,2
2020-02-19 12:00:00,333,12,19,2
2020-02-19 13:00:00,958,13,19,2
2020-02-19 14:00:00,54,14,19,2
2020-02-19 15:00:00,242,15,19,2
2020-02-19 16:00:00,194,16,19,2
2020-02-19 17:00:00,2163,17,19,2
2020-02-19 18:00:00,3656,18,19,2
2020-02-19 19:00:00,1650,19,19,2
2020-02-19 20:00:00,263,20,19,2
2020-02-19 21:00:00,121,21,19,2
2020-02-19 22:00:00,261,22,19,2
2020-02-19 23:00:00,33,23,19,2
2020-02-20 00:00:00,47,0,20,2
2020-02-20 01:00:00,7,1,20,2
2020-02-20 02:00:00,0,2,20,2
2020-02-20 03:00:00,0,3,20,2
2020-02-20 04:00:00,0,4,20,2
2020-02-20 05:00:00,0,5,20,2
2020-02-20 06:00:00,9,6,20,2
2020-02-20 07:00:00,15,7,20,2
2020-02-20 08:00:00,379,8,20,2
2020-02-20 09:00:00,1331,9,20,2
2020-02-20 10:00:00,52,10,20,2
2020-02-20 11:00:00,54,11,20,2
2020-02-20 12:00:00,685,12,20,2
2020-02-20 13:00:00,75,13,20,2
2020-02-20 14:00:00,3729,14,20,2
2020-02-20 15:00:00,4183,15,20,2
2020-02-20 16:00:00,548,16,20,2
2020-02-20 17:00:00,424,17,20,2
2020-02-20 18:00:00,448,18,20,2
2020-02-20 19:00:00,181,19,20,2
2020-02-20 20:00:00,430,20,20,2
2020-02-20 21:00:00,399,21,20,2
2020-02-20 22:00:00,571,22,20,2
2020-02-20 23:00:00,355,23,20,2
2020-02-21 00:00:00,6,0,21,2
2020-02-21 01:00:00,66,1,21,2
2020-02-21 02:00:00,52,2,21,2
2020-02-21 03:00:00,19,3,21,2
2020-02-21 04:00:00,14,4,21,2
2020-02-21 05:00:00,0,5,21,2
2020-02-21 06:00:00,619,6,21,2
2020-02-21 07:00:00,972,7,21,2
2020-02-21 08:00:00,661,8,21,2
2020-02-21 09:00:00,278,9,21,2
2020-02-21 10:00:00,462,10,21,2
2020-02-21 11:00:00,673,11,21,2
2020-02-21 12:00:00,164,12,21,2
2020-02-21 13:00:00,26,13,21,2
2020-02-21 14:00:00,1475,14,21,2
2020-02-21 15:00:00,2299,15,21,2
2020-02-21 16:00:00,80,16,21,2
2020-02-21 17:00:00,125,17,21,2
2020-02-21 18:00:00,4378,18,21,2
2020-02-21 19:00:00,4356,19,21,2
2020-02-21 20:00:00,283,20,21,2
2020-02-21 21:00:00,185,21,21,2
2020-02-21 22:00:00,101,22,21,2
2020-02-21 23:00:00,121,23,21,2
2020-02-22 00:00:00,400,0,22,2
2020-02-22 01:00:00,0,1,22,2
2020-02-22 02:00:00,0,2,22,2
2020-02-22 03:00:00,4,3,22,2
2020-02-22 04:00:00,0,4,22,2
2020-02-22 05:00:00,9,5,22,2
2020-02-22 06:00:00,0,6,22,2
2020-02-22 07:00:00,0,7,22,2
2020-02-22 08:00:00,0,8,22,2
2020-02-22 09:00:00,57,9,22,2
2020-02-22 10:00:00,698,10,22,2
2020-02-22 11:00:00,4924,11,22,2
2020-02-22 12:00:00,144,12,22,2
2020-02-22 13:00:00,3995,13,22,2
2020-02-22 14:00:00,1932,14,22,2
2020-02-22 15:00:00,1320,15,22,2
2020-02-22 16:00:00,3540,16,22,2
2020-02-22 17:00:00,152,17,22,2
2020-02-22 18:00:00,1267,18,22,2
2020-02-22 19:00:00,1414,19,22,2
2020-02-22 20:00:00,963,20,22,2
2020-02-22 21:00:00,254,21,22,2
2020-02-22 22:00:00,116,22,22,2
2020-02-22 23:00:00,195,23,22,2
2020-02-23 00:00:00,0,0,23,2
2020-02-23 01:00:00,0,1,23,2
2020-02-23 02:00:00,0,2,23,2
2020-02-23 03:00:00,0,3,23,2
2020-02-23 04:00:00,0,4,23,2
2020-02-23 05:00:00,0,5,23,2
2020-02-23 06:00:00,501,6,23,2
2020-02-23 07:00:00,1701,7,23,2
2020-02-23 08:00:00,1366,8,23,2
2020-02-23 09:00:00,849,9,23,2
2020-02-23 10:00:00,49,10,23,2
2020-02-23 11:00:00,114,11,23,2
2020-02-23 12:00:00,1398,12,23,2
2020-02-23 13:00:00,145,13,23,2
2020-02-23 14:00:00,409,14,23,2
2020-02-23 15:00:00,131,15,23,2
2020-02-23 16:00:00,86,16,23,2
2020-02-23 17:00:00,253,17,23,2
2020-02-23 18:00:00,514,18,23,2
2020-02-23 19:00:00,185,19,23,2
2020-02-23 20:00:00,96,20,23,2
2020-02-23 21:00:00,1424,21,23,2
2020-02-23 22:00:00,1669,22,23,2
2020-02-23 23:00:00,734,23,23,2
2020-02-24 00:00:00,119,0,24,2
2020-02-24 01:00:00,9,1,24,2
2020-02-24 02:00:00,0,2,24,2
2020-02-24 03:00:00,8,3,24,2
2020-02-24 04:00:00,0,4,24,2
2020-02-24 05:00:00,21,5,24,2
2020-02-24 06:00:00,5,6,24,2
2020-02-24 07:00:00,295,7,24,2
2020-02-24 08:00:00,951,8,24,2
2020-02-24 09:00:00,1500,9,24,2
2020-02-24 10:00:00,1614,10,24,2
2020-02-24 11:00:00,995,11,24,2
2020-02-24 12:00:00,682,12,24,2
2020-02-24 13:00:00,1582,13,24,2
2020-02-24 14:00:00,2054,14,24,2
2020-02-24 15:00:00,1203,15,24,2
2020-02-24 16:00:00,1065,16,24,2
2020-02-24 17:00:00,5,17,24,2
2020-02-24 18:00:00,2194,18,24,2
2020-02-24 19:00:00,421,19,24,2
2020-02-24 20:00:00,182,20,24,2
2020-02-24 21:00:00,405,21,24,2
2020-02-24 22:00:00,89,22,24,2
2020-02-24 23:00:00,11,23,24,2
2020-02-25 00:00:00,6,0,25,2
2020-02-25 01:00:00,0,1,25,2
2020-02-25 02:00:00,0,2,25,2
2020-02-25 03:00:00,0,3,25,2
2020-02-25 04:00:00,0,4,25,2
2020-02-25 05:00:00,0,5,25,2
2020-02-25 06:00:00,76,6,25,2
2020-02-25 07:00:00,675,7,25,2
2020-02-25 08:00:00,1738,8,25,2
2020-02-25 09:00:00,1287,9,25,2
2020-02-25 10:00:00,1780,10,25,2
2020-02-25 11:00:00,910,11,25,2
2020-02-25 12:00:00,1382,12,25,2
2020-02-25 13:00:00,1193,13,25,2
2020-02-25 14:00:00,2442,14,25,2
2020-02-25 15:00:00,142,15,25,2
2020-02-25 16:00:00,1255,16,25,2
2020-02-25 17:00:00,95,17,25,2
2020-02-25 18:00:00,144,18,25,2
2020-02-25 19:00:00,131,19,25,2
2020-02-25 20:00:00,1854,20,25,2
2020-02-25 21:00:00,130,21,25,2
2020-02-25 22:00:00,165,22,25,2
2020-02-25 23:00:00,0,23,25,2
2020-02-26 00:00:00,0,0,26,2
2020-02-26 01:00:00,4,1,26,2
2020-02-26 02:00:00,0,2,26,2
2020-02-26 03:00:00,0,3,26,2
2020-02-26 04:00:00,0,4,26,2
2020-02-26 05:00:00,6,5,26,2
2020-02-26 06:00:00,29,6,26,2
2020-02-26 07:00:00,606,7,26,2
2020-02-26 08:00:00,567,8,26,2
2020-02-26 09:00:00,2402,9,26,2
2020-02-26 10:00:00,958,10,26,2
2020-02-26 11:00:00,2773,11,26,2
2020-02-26 12:00:00,420,12,26,2
2020-02-26 13:00:00,0,13,26,2
2020-02-26 14:00:00,36,14,26,2
2020-02-26 15:00:00,1103,15,26,2
2020-02-26 16:00:00,1238,16,26,2
2020-02-26 17:00:00,887,17,26,2
2020-02-26 18:00:00,646,18,26,2
2020-02-26 19:00:00,852,19,26,2
2020-02-26 20:00:00,959,20,26,2
2020-02-26 21:00:00,641,21,26,2
2020-02-26 22:00:00,171,22,26,2
2020-02-26 23:00:00,6,23,26,2
2020-02-27 00:00:00,8,0,27,2
2020-02-27 01:00:00,0,1,27,2
2020-02-27 02:00:00,0,2,27,2
2020-02-27 03:00:00,16,3,27,2
2020-02-27 04:00:00,0,4,27,2
2020-02-27 05:00:00,16,5,27,2
2020-02-27 06:00:00,195,6,27,2
2020-02-27 07:00:00,1466,7,27,2
2020-02-27 08:00:00,1890,8,27,2
2020-02-27 09:00:00,1882,9,27,2
2020-02-27 10:00:00,1674,10,27,2
2020-02-27 11:00:00,1545,11,27,2
2020-02-27 12:00:00,591,12,27,2
2020-02-27 13:00:00,84,13,27,2
2020-02-27 14:00:00,0,14,27,2
2020-02-27 15:00:00,453,15,27,2
2020-02-27 16:00:00,1116,16,27,2
2020-02-27 17:00:00,189,17,27,2
2020-02-27 18:00:00,256,18,27,2
2020-02-27 19:00:00,92,19,27,2
2020-02-27 20:00:00,1149,20,27,2
2020-02-27 21:00:00,30,21,27,2
2020-02-27 22:00:00,215,22,27,2
2020-02-27 23:00:00,0,23,27,2
2020-02-28 00:00:00,5,0,28,2
2020-02-28 01:00:00,12,1,28,2
2020-02-28 02:00:00,0,2,28,2
2020-02-28 03:00:00,0,3,28,2
2020-02-28 04:00:00,9,4,28,2
2020-02-28 05:00:00,0,5,28,2
2020-02-28 06:00:00,141,6,28,2
2020-02-28 07:00:00,465,7,28,2
